zip,carrier,county,days_of_service
10501,NEW JERSEY WAREHOUSE,Westchester,CALL YOUR NEW JERSEY WAREHOUSE
10502,NEW JERSEY WAREHOUSE,Westchester,CALL YOUR NEW JERSEY WAREHOUSE
10503,NEW JERSEY WAREHOUSE,Westchester,CALL YOUR NEW JERSEY WAREHOUSE
10504,NEW JERSEY WAREHOUSE,Westchester,CALL YOUR NEW JERSEY WAREHOUSE
10505,NEW JERSEY WAREHOUSE,Westchester,CALL YOUR NEW JERSEY WAREHOUSE
10506,NEW JERSEY WAREHOUSE,Westchester,CALL YOUR NEW JERSEY WAREHOUSE
10507,NEW JERSEY WAREHOUSE,Westchester,CALL YOUR NEW JERSEY WAREHOUSE
10509,"DNT EXPRESS - Albany, NY",Putnam,"T, R"
10510,NEW JERSEY WAREHOUSE,Westchester,CALL YOUR NEW JERSEY WAREHOUSE
10511,NEW JERSEY WAREHOUSE,Westchester,CALL YOUR NEW JERSEY WAREHOUSE
10512,"DNT EXPRESS - Albany, NY",Putnam,"T, R"
10514,NEW JERSEY WAREHOUSE,Westchester,CALL YOUR NEW JERSEY WAREHOUSE
10516,"DNT EXPRESS - Albany, NY",Putnam,"T, R"
10517,NEW JERSEY WAREHOUSE,Westchester,CALL YOUR NEW JERSEY WAREHOUSE
10518,NEW JERSEY WAREHOUSE,Westchester,CALL YOUR NEW JERSEY WAREHOUSE
10519,NEW JERSEY WAREHOUSE,Westchester,CALL YOUR NEW JERSEY WAREHOUSE
10520,NEW JERSEY WAREHOUSE,Westchester,CALL YOUR NEW JERSEY WAREHOUSE
10521,NEW JERSEY WAREHOUSE,Westchester,CALL YOUR NEW JERSEY WAREHOUSE
10522,NEW JERSEY WAREHOUSE,Westchester,CALL YOUR NEW JERSEY WAREHOUSE
10523,NEW JERSEY WAREHOUSE,Westchester,CALL YOUR NEW JERSEY WAREHOUSE
10524,"DNT EXPRESS - Albany, NY",Putnam,"T, R"
10526,NEW JERSEY WAREHOUSE,Westchester,CALL YOUR NEW JERSEY WAREHOUSE
10527,NEW JERSEY WAREHOUSE,Westchester,CALL YOUR NEW JERSEY WAREHOUSE
10528,NEW JERSEY WAREHOUSE,Westchester,CALL YOUR NEW JERSEY WAREHOUSE
10530,NEW JERSEY WAREHOUSE,Westchester,CALL YOUR NEW JERSEY WAREHOUSE
10532,NEW JERSEY WAREHOUSE,Westchester,CALL YOUR NEW JERSEY WAREHOUSE
10533,NEW JERSEY WAREHOUSE,Westchester,CALL YOUR NEW JERSEY WAREHOUSE
10535,NEW JERSEY WAREHOUSE,Westchester,CALL YOUR NEW JERSEY WAREHOUSE
10536,NEW JERSEY WAREHOUSE,Westchester,CALL YOUR NEW JERSEY WAREHOUSE
10538,NEW JERSEY WAREHOUSE,Westchester,CALL YOUR NEW JERSEY WAREHOUSE
10540,NEW JERSEY WAREHOUSE,Westchester,CALL YOUR NEW JERSEY WAREHOUSE
10541,"DNT EXPRESS - Albany, NY",Putnam,"T, R"
10543,NEW JERSEY WAREHOUSE,Westchester,CALL YOUR NEW JERSEY WAREHOUSE
10545,NEW JERSEY WAREHOUSE,Westchester,CALL YOUR NEW JERSEY WAREHOUSE
10546,NEW JERSEY WAREHOUSE,Westchester,CALL YOUR NEW JERSEY WAREHOUSE
10547,NEW JERSEY WAREHOUSE,Westchester,CALL YOUR NEW JERSEY WAREHOUSE
10548,NEW JERSEY WAREHOUSE,Westchester,CALL YOUR NEW JERSEY WAREHOUSE
10549,NEW JERSEY WAREHOUSE,Westchester,CALL YOUR NEW JERSEY WAREHOUSE
10550,NEW JERSEY WAREHOUSE,Westchester,CALL YOUR NEW JERSEY WAREHOUSE
10551,NEW JERSEY WAREHOUSE,Westchester,CALL YOUR NEW JERSEY WAREHOUSE
10552,NEW JERSEY WAREHOUSE,Westchester,CALL YOUR NEW JERSEY WAREHOUSE
10553,NEW JERSEY WAREHOUSE,Westchester,CALL YOUR NEW JERSEY WAREHOUSE
10560,NEW JERSEY WAREHOUSE,Westchester,CALL YOUR NEW JERSEY WAREHOUSE
10562,NEW JERSEY WAREHOUSE,Westchester,CALL YOUR NEW JERSEY WAREHOUSE
10566,NEW JERSEY WAREHOUSE,Westchester,CALL YOUR NEW JERSEY WAREHOUSE
10567,NEW JERSEY WAREHOUSE,Westchester,CALL YOUR NEW JERSEY WAREHOUSE
10570,NEW JERSEY WAREHOUSE,Westchester,CALL YOUR NEW JERSEY WAREHOUSE
10571,NEW JERSEY WAREHOUSE,Westchester,CALL YOUR NEW JERSEY WAREHOUSE
10572,NEW JERSEY WAREHOUSE,Westchester,CALL YOUR NEW JERSEY WAREHOUSE
10573,NEW JERSEY WAREHOUSE,Westchester,CALL YOUR NEW JERSEY WAREHOUSE
10576,NEW JERSEY WAREHOUSE,Westchester,CALL YOUR NEW JERSEY WAREHOUSE
10577,NEW JERSEY WAREHOUSE,Westchester,CALL YOUR NEW JERSEY WAREHOUSE
10578,NEW JERSEY WAREHOUSE,Westchester,CALL YOUR NEW JERSEY WAREHOUSE
10579,"DNT EXPRESS - Albany, NY",Putnam,"T, R"
10580,NEW JERSEY WAREHOUSE,Westchester,CALL YOUR NEW JERSEY WAREHOUSE
10583,NEW JERSEY WAREHOUSE,Westchester,CALL YOUR NEW JERSEY WAREHOUSE
10587,NEW JERSEY WAREHOUSE,Westchester,CALL YOUR NEW JERSEY WAREHOUSE
10588,NEW JERSEY WAREHOUSE,Westchester,CALL YOUR NEW JERSEY WAREHOUSE
10589,NEW JERSEY WAREHOUSE,Westchester,CALL YOUR NEW JERSEY WAREHOUSE
10590,NEW JERSEY WAREHOUSE,Westchester,CALL YOUR NEW JERSEY WAREHOUSE
10591,NEW JERSEY WAREHOUSE,Westchester,CALL YOUR NEW JERSEY WAREHOUSE
10594,NEW JERSEY WAREHOUSE,Westchester,CALL YOUR NEW JERSEY WAREHOUSE
10595,NEW JERSEY WAREHOUSE,Westchester,CALL YOUR NEW JERSEY WAREHOUSE
10596,NEW JERSEY WAREHOUSE,Westchester,CALL YOUR NEW JERSEY WAREHOUSE
10597,NEW JERSEY WAREHOUSE,Westchester,CALL YOUR NEW JERSEY WAREHOUSE
10598,NEW JERSEY WAREHOUSE,Westchester,CALL YOUR NEW JERSEY WAREHOUSE
10601,NEW JERSEY WAREHOUSE,Westchester,CALL YOUR NEW JERSEY WAREHOUSE
10602,NEW JERSEY WAREHOUSE,Westchester,CALL YOUR NEW JERSEY WAREHOUSE
10603,NEW JERSEY WAREHOUSE,Westchester,CALL YOUR NEW JERSEY WAREHOUSE
10604,NEW JERSEY WAREHOUSE,Westchester,CALL YOUR NEW JERSEY WAREHOUSE
10605,NEW JERSEY WAREHOUSE,Westchester,CALL YOUR NEW JERSEY WAREHOUSE
10606,NEW JERSEY WAREHOUSE,Westchester,CALL YOUR NEW JERSEY WAREHOUSE
10607,NEW JERSEY WAREHOUSE,Westchester,CALL YOUR NEW JERSEY WAREHOUSE
10610,NEW JERSEY WAREHOUSE,Westchester,CALL YOUR NEW JERSEY WAREHOUSE
10701,NEW JERSEY WAREHOUSE,Westchester,CALL YOUR NEW JERSEY WAREHOUSE
10702,NEW JERSEY WAREHOUSE,Westchester,CALL YOUR NEW JERSEY WAREHOUSE
10703,NEW JERSEY WAREHOUSE,Westchester,CALL YOUR NEW JERSEY WAREHOUSE
10704,NEW JERSEY WAREHOUSE,Westchester,CALL YOUR NEW JERSEY WAREHOUSE
10705,NEW JERSEY WAREHOUSE,Westchester,CALL YOUR NEW JERSEY WAREHOUSE
10706,NEW JERSEY WAREHOUSE,Westchester,CALL YOUR NEW JERSEY WAREHOUSE
10707,NEW JERSEY WAREHOUSE,Westchester,CALL YOUR NEW JERSEY WAREHOUSE
10708,NEW JERSEY WAREHOUSE,Westchester,CALL YOUR NEW JERSEY WAREHOUSE
10709,NEW JERSEY WAREHOUSE,Westchester,CALL YOUR NEW JERSEY WAREHOUSE
10710,NEW JERSEY WAREHOUSE,Westchester,CALL YOUR NEW JERSEY WAREHOUSE
10801,NEW JERSEY WAREHOUSE,Westchester,CALL YOUR NEW JERSEY WAREHOUSE
10802,NEW JERSEY WAREHOUSE,Westchester,CALL YOUR NEW JERSEY WAREHOUSE
10804,NEW JERSEY WAREHOUSE,Westchester,CALL YOUR NEW JERSEY WAREHOUSE
10805,NEW JERSEY WAREHOUSE,Westchester,CALL YOUR NEW JERSEY WAREHOUSE
10901,"DNT EXPRESS - Albany, NY",Rockland,Friday only
10913,"DNT EXPRESS - Albany, NY",Rockland,"T, W, Th, F"
10914,"DNT EXPRESS - Albany, NY",Orange,"T, W, F"
10917,"DNT EXPRESS - Albany, NY",Orange,"T, W, R, F"
10918,"DNT EXPRESS - Albany, NY",Orange,"W, F"
10920,"DNT EXPRESS - Albany, NY",Rockland,"T, W, R, F"
10921,"DNT EXPRESS - Albany, NY",Orange,"W, F"
10923,"DNT EXPRESS - Albany, NY",Rockland,Tues thru Thurs
10924,"DNT EXPRESS - Albany, NY",Orange,"T, W, R, F"
10925,"DNT EXPRESS - Albany, NY",Orange,"W, F"
10926,"DNT EXPRESS - Albany, NY",Orange,"T, W, R, F"
10927,"DNT EXPRESS - Albany, NY",Rockland,Tues thru Thurs
10928,"DNT EXPRESS - Albany, NY",Orange,Thursday Only
10940,"DNT EXPRESS - Albany, NY",Orange,"T, W, R, F"
10941,"DNT EXPRESS - Albany, NY",Orange,"T, W, R, F"
10950,"DNT EXPRESS - Albany, NY",Orange,"T, W, R, F"
10952,"DNT EXPRESS - Albany, NY",Rockland,Friday only
10954,"DNT EXPRESS - Albany, NY",Rockland,"T, W, Th, F"
10956,"DNT EXPRESS - Albany, NY",Rockland,"T, W, Th, F"
10960,"DNT EXPRESS - Albany, NY",Rockland,"T, W, Th, F"
10962,"DNT EXPRESS - Albany, NY",Rockland,"T, W, Th, F"
10963,"DNT EXPRESS - Albany, NY",Orange,Thursday Only
10965,"DNT EXPRESS - Albany, NY",Rockland,Friday only
10968,"DNT EXPRESS - Albany, NY",Rockland,Friday only
10969,"DNT EXPRESS - Albany, NY",Rockland,"T, W, Th, F"
10970,"DNT EXPRESS - Albany, NY",Rockland,Tues thru Thurs
10976,"DNT EXPRESS - Albany, NY",Rockland,Friday only
10977,"DNT EXPRESS - Albany, NY",Rockland,Friday only
10980,"DNT EXPRESS - Albany, NY",Rockland,Tues thru Thurs
10981,"DNT EXPRESS - Albany, NY",Rockland,"T, W, Th, F"
10983,"DNT EXPRESS - Albany, NY",Rockland,"T, W, Th, F"
10986,"DNT EXPRESS - Albany, NY",Rockland,Tues thru Thurs
10987,"DNT EXPRESS - Albany, NY",Orange,"W, F"
10989,"DNT EXPRESS - Albany, NY",Rockland,"T, W, Th, F"
10990,"DNT EXPRESS - Albany, NY",Orange,"W, F"
10992,"DNT EXPRESS - Albany, NY",Orange,"T, W, F"
10993,"DNT EXPRESS - Albany, NY",Rockland,"T, W, Th, F"
10994,"DNT EXPRESS - Albany, NY",Rockland,"T, W, Th, F"
10996,"DNT EXPRESS - Albany, NY",Orange,Thursday Only
10997,"DNT EXPRESS - Albany, NY",Orange,Thursday Only
12009,"DNT EXPRESS - Albany, NY",Albany,"T, W, R, F"
12010,"DNT EXPRESS - Albany, NY",Montgomery,Thursday Only
12015,"DNT EXPRESS - Albany, NY",Greene,"T, W, R, F"
12018,"DNT EXPRESS - Albany, NY",Rensselaer,Friday only
12020,"DNT EXPRESS - Albany, NY",Saratoga,"T, W, Th, F"
12022,"DNT EXPRESS - Albany, NY",Albany,Friday only
12025,"DNT EXPRESS - Albany, NY",Fulton,"T, W, R, F"
12027,"DNT EXPRESS - Albany, NY",Saratoga,"T, W, Th, F"
12029,"DNT EXPRESS - Albany, NY",Columbia,"W, R, F"
12033,"DNT EXPRESS - Albany, NY",Rensselaer,"T, W, R, F"
12037,"DNT EXPRESS - Albany, NY",Columbia,"T, W, R, F"
12043,"DNT EXPRESS - Albany, NY",Schoharie,"W, F"
12047,"DNT EXPRESS - Albany, NY",Albany,"T, W, R, F"
12051,"DNT EXPRESS - Albany, NY",Greene,"T, W, R, F"
12052,"DNT EXPRESS - Albany, NY",Rensselaer,Friday only
12053,"DNT EXPRESS - Albany, NY",Schoharie,"W, F"
12054,"DNT EXPRESS - Albany, NY",Albany,"T, W, R, F"
12056,"DNT EXPRESS - Albany, NY",Schoharie,Friday only
12058,"DNT EXPRESS - Albany, NY",Greene,"T, W, R, F"
12060,"DNT EXPRESS - Albany, NY",Columbia,"T, W, R, F"
12061,"DNT EXPRESS - Albany, NY",Rensselaer,"T, W, R, F"
12064,"DNT EXPRESS - Albany, NY",Otsego,"W, F"
12065,"DNT EXPRESS - Albany, NY",Saratoga,"T, W, Th, F"
12068,"DNT EXPRESS - Albany, NY",Montgomery,Thursday Only
12074,"DNT EXPRESS - Albany, NY",Saratoga,Friday only
12075,"DNT EXPRESS - Albany, NY",Columbia,"T, W, R, F"
12077,"DNT EXPRESS - Albany, NY",Albany,"T, W, R, F"
12078,"DNT EXPRESS - Albany, NY",Fulton,Thursday Only
12083,"DNT EXPRESS - Albany, NY",Greene,Thursday Only
12084,"DNT EXPRESS - Albany, NY",Albany,"T, W, R, F"
12090,"DNT EXPRESS - Albany, NY",Rensselaer,Friday only
12095,"DNT EXPRESS - Albany, NY",Fulton,Thursday Only
12108,"DNT - CLYDE, NY",Hamilton,R (see website for seasonal changes)
12110,"DNT EXPRESS - Albany, NY",Albany,"T, W, R, F"
12117,"DNT EXPRESS - Albany, NY",Fulton ,Thursday Only
12118,"DNT EXPRESS - Albany, NY",Saratoga,"T, W, Th, F"
12122,"DNT EXPRESS - Albany, NY",Schoharie,"W, F"
12123,"DNT EXPRESS - Albany, NY",Rensselaer,Friday only
12125,"DNT EXPRESS - Albany, NY",Columbia,"W, R, F"
12134,"DNT EXPRESS - Albany, NY",Fulton,Thursday Only
12139,"DNT - CLYDE, NY",Hamilton,R (see website for seasonal changes)
12143,"DNT EXPRESS - Albany, NY",Albany,"T, W, R, F"
12144,"DNT EXPRESS - Albany, NY",Rensselaer,"T, W, R, F"
12147,"DNT EXPRESS - Albany, NY",Albany,Thursday Only
12149,"DNT EXPRESS - Albany, NY",Schoharie,"W, F"
12151,"DNT EXPRESS - Albany, NY",Saratoga,"T, W, Th, F"
12154,"DNT EXPRESS - Albany, NY",Rensselaer,F only (W&F Memorial thru Columbus Day)
12157,"DNT EXPRESS - Albany, NY",Schoharie,"W, F"
12159,"DNT EXPRESS - Albany, NY",Albany,"T, W, R, F"
12164,"DNT - CLYDE, NY",Hamilton,R (see website for seasonal changes)
12167,"DNT EXPRESS - Albany, NY",DELAWARE,Tuesday Only
12168,"DNT EXPRESS - Albany, NY",Rensselaer,Friday only
12177,"DNT EXPRESS - Albany, NY",Montgomery,Thursday Only
12180,"DNT EXPRESS - Albany, NY",Rensselaer,"T, W, R, F"
12181,"DNT EXPRESS - Albany, NY",Rensselaer,"T, W, R, F"
12182,"DNT EXPRESS - Albany, NY",Rensselaer,"T, W, R, F"
12184,"DNT EXPRESS - Albany, NY",Columbia,"T, W, R, F"
12186,"DNT EXPRESS - Albany, NY",Albany,"T, W, R, F"
12188,"DNT EXPRESS - Albany, NY",Saratoga,"T, W, Th, F"
12189,"DNT EXPRESS - Albany, NY",Albany,"T, W, R, F"
12192,"DNT EXPRESS - Albany, NY",Greene,"T, W, R, F"
12196,"DNT EXPRESS - Albany, NY",Rensselaer,Friday only
12198,"DNT EXPRESS - Albany, NY",Rensselaer,"T, W, R, F"
12202,"DNT EXPRESS - Albany, NY",Albany,"T, W, R, F"
12203,"DNT EXPRESS - Albany, NY",Albany,"T, W, R, F"
12204,"DNT EXPRESS - Albany, NY",Albany,"T, W, R, F"
12205,"DNT EXPRESS - Albany, NY",Albany,"T, W, R, F"
12206,"DNT EXPRESS - Albany, NY",Albany,"T, W, R, F"
12207,"DNT EXPRESS - Albany, NY",Albany,"T, W, R, F"
12208,"DNT EXPRESS - Albany, NY",Albany,"T, W, R, F"
12209,"DNT EXPRESS - Albany, NY",Albany,"T, W, R, F"
12210,"DNT EXPRESS - Albany, NY",Albany,"T, W, R, F"
12211,"DNT EXPRESS - Albany, NY",Albany,"T, W, R, F"
12250,"DNT EXPRESS - Albany, NY",Albany,"T, W, R, F"
12301,"DNT EXPRESS - Albany, NY",Schenectady,"T, W, Th, F"
12302,"DNT EXPRESS - Albany, NY",Schenectady,"T, W, Th, F"
12303,"DNT EXPRESS - Albany, NY",Schenectady,"T, W, Th, F"
12304,"DNT EXPRESS - Albany, NY",Schenectady,"T, W, Th, F"
12305,"DNT EXPRESS - Albany, NY",Schenectady,"T, W, Th, F"
12306,"DNT EXPRESS - Albany, NY",Schenectady,"T, W, Th, F"
12308,"DNT EXPRESS - Albany, NY",Schenectady,"T, W, Th, F"
12309,"DNT EXPRESS - Albany, NY",Schenectady,"T, W, Th, F"
12401,"DNT EXPRESS - Albany, NY",Ulster,"T, W, R, F"
12404,"DNT EXPRESS - Albany, NY",Ulster,Friday only
12406,"DNT EXPRESS - Albany, NY",DELAWARE,Tuesday Only
12409,"DNT EXPRESS - Albany, NY",Ulster,Thursday Only
12410,"DNT EXPRESS - Albany, NY",Ulster,Thursday Only
12412,"DNT EXPRESS - Albany, NY",Ulster,Thursday Only
12413,"DNT EXPRESS - Albany, NY",Ulster,"T, W, R, F"
12414,"DNT EXPRESS - Albany, NY",Greene,"T, W, R, F"
12428,"DNT EXPRESS - Albany, NY",Ulster,Friday only
12430,"DNT EXPRESS - Albany, NY",Ulster,Thursday Only
12434,"DNT EXPRESS - Albany, NY",DELAWARE,Tuesday Only
12439,"DNT EXPRESS - Albany, NY",Greene,Thursday Only
12440,"DNT EXPRESS - Albany, NY",Ulster,Friday only
12442,"DNT EXPRESS - Albany, NY",Greene,Thursday Only
12446,"DNT EXPRESS - Albany, NY",Ulster,Friday only
12450,"DNT EXPRESS - Albany, NY",Ulster,Thursday Only
12453,"DNT EXPRESS - Albany, NY",Ulster,"T, W, R, F"
12455,"DNT EXPRESS - Albany, NY",DELAWARE,Tuesday Only
12457,"DNT EXPRESS - Albany, NY",Ulster,Thursday Only
12458,"DNT EXPRESS - Albany, NY",Ulster,Friday only
12464,"DNT EXPRESS - Albany, NY",Greene,Thursday Only
12465,"DNT EXPRESS - Albany, NY",Ulster,Thursday Only
12466,"DNT EXPRESS - Albany, NY",Ulster,"T, W, R, F"
12468,"DNT EXPRESS - Albany, NY",Greene,Thursday Only
12472,"DNT EXPRESS - Albany, NY",Ulster,"T, W, R, F"
12474,"DNT EXPRESS - Albany, NY",DELAWARE,Tuesday Only
12477,"DNT EXPRESS - Albany, NY",Ulster,"T, W, R, F"
12480,"DNT EXPRESS - Albany, NY",Ulster,Thursday Only
12481,"DNT EXPRESS - Albany, NY",Ulster,Thursday Only
12484,"DNT EXPRESS - Albany, NY",Ulster,Friday only
12485,"DNT EXPRESS - Albany, NY",Ulster,Thursday Only
12491,"DNT EXPRESS - Albany, NY",Ulster,"T, W, R, F"
12492,"DNT EXPRESS - Albany, NY",Greene,Thursday Only
12493,"DNT EXPRESS - Albany, NY",Ulster,"T, W, R, F"
12494,"DNT EXPRESS - Albany, NY",Ulster,Thursday Only
12496,"DNT EXPRESS - Albany, NY",Greene,Thursday Only
12498,"DNT EXPRESS - Albany, NY",Ulster,"T, W, R, F"
12501,"DNT EXPRESS - Albany, NY",Dutchess,"T, R, F"
12502,"DNT EXPRESS - Albany, NY",Columbia,"W, R, F"
12506,"DNT EXPRESS - Albany, NY",Dutchess,"T, W, R, F"
12508,"DNT EXPRESS - Albany, NY",Dutchess,"T, W, R, F"
12509,"DNT EXPRESS - Albany, NY",Dutchess,"T, W, R, F"
12513,"DNT EXPRESS - Albany, NY",Columbia,"W, R, F"
12518,"DNT EXPRESS - Albany, NY",Orange,"T, W, R, F"
12520,"DNT EXPRESS - Albany, NY",Orange,"T, W, R, F"
12522,"DNT EXPRESS - Albany, NY",Dutchess,"T, R"
12524,"DNT EXPRESS - Albany, NY",Dutchess,"T, W, R, F"
12525,"DNT EXPRESS - Albany, NY",Ulster,"W, R, F"
12526,"DNT EXPRESS - Albany, NY",Columbia,"T, W, R, F"
12528,"DNT EXPRESS - Albany, NY",Ulster,"W, R, F"
12529,"DNT EXPRESS - Albany, NY",Columbia,"W, R, F"
12533,"DNT EXPRESS - Albany, NY",Dutchess,"T, W, R, F"
12534,"DNT EXPRESS - Albany, NY",Columbia,"T, W, R, F"
12538,"DNT EXPRESS - Albany, NY",Dutchess,"T, W, R, F"
12540,"DNT EXPRESS - Albany, NY",Dutchess,"T, W, R, F"
12542,"DNT EXPRESS - Albany, NY",Ulster,"W, R, F"
12545,"DNT EXPRESS - Albany, NY",Dutchess,"T, W, R, F"
12546,"DNT EXPRESS - Albany, NY",Dutchess,"T, R, F"
12547,"DNT EXPRESS - Albany, NY",Ulster,"W, R, F"
12549,"DNT EXPRESS - Albany, NY",Orange,"T, R"
12550,"DNT EXPRESS - Albany, NY",Orange,"T, W, R, F"
12553,"DNT EXPRESS - Albany, NY",Orange,"T, W, R, F"
12561,"DNT EXPRESS - Albany, NY",Ulster,"W, R, F"
12563,"DNT EXPRESS - Albany, NY",Putnum,T & R
12564,"DNT EXPRESS - Albany, NY",Dutchess,"T, R"
12565,"DNT EXPRESS - Albany, NY",Columbia,"W, R, F"
12566,"DNT EXPRESS - Albany, NY",Orange,Friday only
12567,"DNT EXPRESS - Albany, NY",Dutchess,"W, R, F"
12569,"DNT EXPRESS - Albany, NY",Dutchess,"T, W, R, F"
12570,"DNT EXPRESS - Albany, NY",Dutchess,"T, W, R, F"
12571,"DNT EXPRESS - Albany, NY",Dutchess,"T, W, R, F"
12572,"DNT EXPRESS - Albany, NY",Dutchess,"T, W, R, F"
12574,"DNT EXPRESS - Albany, NY",Dutchess,"T, W, R, F"
12577,"DNT EXPRESS - Albany, NY",Orange,"T, W, R, F"
12578,"DNT EXPRESS - Albany, NY",Dutchess,"T, W, R, F"
12580,"DNT EXPRESS - Albany, NY",Columbia,"T, W, R, F"
12582,"DNT EXPRESS - Albany, NY",Dutchess,"T, W, R, F"
12583,"DNT EXPRESS - Albany, NY",Dutchess,"T, W, R, F"
12584,"DNT EXPRESS - Albany, NY",Orange,"T, W, R, F"
12586,"DNT EXPRESS - Albany, NY",Orange,"T, F"
12589,"DNT EXPRESS - Albany, NY",Orange,"T, F"
12590,"DNT EXPRESS - Albany, NY",Dutchess,"T, W, R, F"
12592,"DNT EXPRESS - Albany, NY",Dutchess,"T, R"
12594,"DNT EXPRESS - Albany, NY",Dutchess,"T, R"
12601,"DNT EXPRESS - Albany, NY",Dutchess,"T, W, R, F"
12602,"DNT EXPRESS - Albany, NY",Dutchess,"T, W, R, F"
12603,"DNT EXPRESS - Albany, NY",Dutchess,"T, W, R, F"
12701,"DNT EXPRESS - Albany, NY",Sullivan,T only (T&F Memorial thru Columbus Day)
12719,"DNT EXPRESS - Albany, NY",Sullivan,T only (T&F Memorial thru Columbus Day)
12720,"DNT EXPRESS - Albany, NY",Sullivan,T only (T&F Memorial thru Columbus Day)
12721,"DNT EXPRESS - Albany, NY",Sullivan,T only (T&F Memorial thru Columbus Day)
12722,"DNT EXPRESS - Albany, NY",Sullivan,T only (T&F Memorial thru Columbus Day)
12723,"DNT EXPRESS - Albany, NY",Sullivan,T only (T&F Memorial thru Columbus Day)
12727,"DNT EXPRESS - Albany, NY",Sullivan,T only (T&F Memorial thru Columbus Day)
12735,"DNT EXPRESS - Albany, NY",Sullivan,T only (T&F Memorial thru Columbus Day)
12744,"DNT EXPRESS - Albany, NY",Ulster,"T, W, R, F"
12748,"DNT EXPRESS - Albany, NY",Sullivan,T only (T&F Memorial thru Columbus Day)
12754,"DNT EXPRESS - Albany, NY",Sullivan,T only (T&F Memorial thru Columbus Day)
12758,"DNT EXPRESS - Albany, NY",Sullivan,T only (T&F Memorial thru Columbus Day)
12764,"DNT EXPRESS - Albany, NY",Sullivan,T only (T&F Memorial thru Columbus Day)
12766,"DNT EXPRESS - Albany, NY",Sullivan,T only (T&F Memorial thru Columbus Day)
12768,"DNT EXPRESS - Albany, NY",Sullivan,T only (T&F Memorial thru Columbus Day)
12771,"DNT EXPRESS - Albany, NY",Orange,Thursday Only
12775,"DNT EXPRESS - Albany, NY",Sullivan,T only (T&F Memorial thru Columbus Day)
12786,"DNT EXPRESS - Albany, NY",Sullivan,T only (T&F Memorial thru Columbus Day)
12789,"DNT EXPRESS - Albany, NY",Sullivan,T only (T&F Memorial thru Columbus Day)
12790,"DNT EXPRESS - Albany, NY",Sullivan,T only (T&F Memorial thru Columbus Day)
12801,"DNT EXPRESS - Albany, NY",Warren,"W, R, F"
12803,"DNT EXPRESS - Albany, NY",Warren,"W, R, F"
12804,"DNT EXPRESS - Albany, NY",Warren,F only (W&F Memorial thru Columbus Day)
12809,"DNT EXPRESS - Albany, NY",Washington,F only (W&F Memorial thru Columbus Day)
12814,"DNT EXPRESS - Albany, NY",Warren,F only (W&F Memorial thru Columbus Day)
12815,"DNT EXPRESS - Albany, NY",Warren,F only (W&F Memorial thru Columbus Day)
12816,"DNT EXPRESS - Albany, NY",Washington,F only (W&F Memorial thru Columbus Day)
12817,"DNT EXPRESS - Albany, NY",Warren,F only (W&F Memorial thru Columbus Day)
12820,"DNT EXPRESS - Albany, NY",Warren,F only (W&F Memorial thru Columbus Day)
12822,"DNT EXPRESS - Albany, NY",Saratoga,"T, W, Th, F"
12823,"DNT EXPRESS - Albany, NY",Washington,F only (W&F Memorial thru Columbus Day)
12824,"DNT EXPRESS - Albany, NY",Warren,F only (W&F Memorial thru Columbus Day)
12828,"DNT EXPRESS - Albany, NY",Warren,"W, R, F"
12831,"DNT EXPRESS - Albany, NY",Saratoga,"W, R, F"
12832,"DNT EXPRESS - Albany, NY",Washington,F only (W&F Memorial thru Columbus Day)
12833,"DNT EXPRESS - Albany, NY",Saratoga,"T, W, Th, F"
12834,"DNT EXPRESS - Albany, NY",Saratoga,F only (W&F Memorial thru Columbus Day)
12835,"DNT EXPRESS - Albany, NY",Saratoga,"W, R, F"
12836,"DNT EXPRESS - Albany, NY",Warren,Overnight R or F Departs 6:00 AM
12839,"DNT EXPRESS - Albany, NY",Washington,"W, R, F"
12842,"DNT EXPRESS - Albany, NY",Hamilton,F only (W&F Memorial thru Memorial Day)
12844,"DNT EXPRESS - Albany, NY",Warren,F only (W&F Memorial thru Columbus Day)
12845,"DNT EXPRESS - Albany, NY",Warren,F only (W&F Memorial thru Columbus Day)
12846,"DNT EXPRESS - Albany, NY",Warren,Thursday Only
12847,"DNT EXPRESS - Albany, NY",Hamilton,F (see website for seasonal changes)
12848,"DNT EXPRESS - Albany, NY",Washington,F only (W&F Memorial thru Columbus Day)
12850,"DNT EXPRESS - Albany, NY",Saratoga,Friday only
12853,"DNT EXPRESS - Albany, NY",Warren,F only (W&F Memorial thru Columbus Day)
12856,"DNT EXPRESS - Albany, NY",Warren,F only (W&F Memorial thru Columbus Day)
12857,"DNT EXPRESS - Albany, NY",Warren,F only (W&F Memorial thru Columbus Day)
12863,"DNT EXPRESS - Albany, NY",Saratoga,"T, W, Th, F"
12865,"DNT EXPRESS - Albany, NY",Washington,F only (W&F Memorial thru Columbus Day)
12866,"DNT EXPRESS - Albany, NY",Saratoga,"T, W, Th, F"
12866,"DNT EXPRESS - Albany, NY",Saratoga,"T, W, Th, F"
12870,"DNT EXPRESS - Albany, NY",Essex,"T, R/F Overnight Departs 6:00 AM"
12871,"DNT EXPRESS - Albany, NY",Saratoga,F only (W&F Memorial thru Columbus Day)
12885,"DNT EXPRESS - Albany, NY",Warren,F only (W&F Memorial thru Columbus Day)
12887,"DNT EXPRESS - Albany, NY",Washington,F only (W&F Memorial thru Columbus Day)
12896,"DNT EXPRESS - Albany, NY",Franklin,"T, R/F Overnight Departs 6:00 AM"
12901,"DNT EXPRESS - Albany, NY",Clinton,"T, R/F Overnight Departs 6:00 AM"
12912,"DNT EXPRESS - Albany, NY",Clinton,"T, R/F Overnight Departs 6:00 AM"
12919,"DNT EXPRESS - Albany, NY",Clinton,"T, R/F Overnight Departs 6:00 AM"
12932,"DNT EXPRESS - Albany, NY",Essex,Departs 6:00 AM on Thurs
12936,"DNT EXPRESS - Albany, NY",Essex,Departs 6:00 AM on Thurs
12942,"DNT EXPRESS - Albany, NY",Essex,"T, R/F Overnight Departs 6:00 AM"
12943,"DNT EXPRESS - Albany, NY",Essex,"T, R/F Overnight Departs 6:00 AM"
12944,"DNT EXPRESS - Albany, NY",Essex,"T, R/F Overnight Departs 6:00 AM"
12946,"DNT EXPRESS - Albany, NY",Essex,"T, R/F Overnight Departs 6:00 AM"
12953,"DNT EXPRESS - Albany, NY",Clinton,Departs 6:00 AM on Thurs
12958,"DNT EXPRESS - Albany, NY",Clinton,Departs 6:00 AM on Thurs
12972,"DNT EXPRESS - Albany, NY",Clinton,"T, R/F Overnight Departs 6:00 AM"
12974,"DNT EXPRESS - Albany, NY",Essex,Departs 6:00 AM on Thurs
12979,"DNT EXPRESS - Albany, NY",Clinton,"T, R/F Overnight Departs 6:00 AM"
12983,"DNT EXPRESS - Albany, NY",Essex,"T, R/F Overnight Departs 6:00 AM"
12986,"DNT EXPRESS - Albany, NY",Franklin,Departs 6:00 AM on Thurs
12993,"DNT EXPRESS - Albany, NY",Essex,Departs 6:00 AM on Thurs
12996,"DNT EXPRESS - Albany, NY",Essex,Departs 6:00 AM on Thurs
13021,"DNT - CLYDE, NY",Cayuga,"W, F"
13026,"DNT - CLYDE, NY",Cayuga,"W, F"
13027,"DNT - CLYDE, NY",Onondaga,"T, W, R, F"
13029,"DNT - CLYDE, NY",Onondaga,"T, R"
13030,"DNT - CLYDE, NY",Madison,R
13031,"DNT - CLYDE, NY",Onondaga,"T, W, R, F"
13032,"DNT - CLYDE, NY",Madison,R
13035,"DNT - CLYDE, NY",Madison,W
13036,"DNT - CLYDE, NY",Oswego,"T, R"
13037,"DNT - CLYDE, NY",Madison,R
13039,"DNT - CLYDE, NY",Onondaga,"T, W, R, F"
13041,"DNT - CLYDE, NY",Onondaga,"T, W, R, F"
13045,"DNT - CLYDE, NY",Cortland,"W, F"
13053,"DNT - CLYDE, NY",Tompkins,"W, F"
13057,"DNT - CLYDE, NY",Onondaga,"T, W, R, F"
13060,"DNT - CLYDE, NY",Onondaga,"T, W, R, F"
13064,"DNT - CLYDE, NY",Cayuga,"W, F"
13066,"DNT - CLYDE, NY",Onondaga,"T, W, R, F"
13069,"DNT - CLYDE, NY",Oswego,"W, F"
13072,"DNT - CLYDE, NY",Madison,W 
13073,"DNT - CLYDE, NY",Tompkins,"W, F"
13084,"DNT - CLYDE, NY",Onondaga,Wednesday Only
13088,"DNT - CLYDE, NY",Onondaga,"T, W, R, F"
13090,"DNT - CLYDE, NY",Onondaga,"T, W, R, F"
13104,"DNT - CLYDE, NY",Onondaga,"W, F"
13108,"DNT - CLYDE, NY",Onondaga,"T, W, R, F"
13114,"DNT - CLYDE, NY",Oswego,"W, F"
13116,"DNT - CLYDE, NY",Onondaga,"T, W, R, F"
13118,"DNT - CLYDE, NY",Cayuga,"W, F"
13126,"DNT - CLYDE, NY",Oswego,"W, F"
13131,"DNT - CLYDE, NY",Oswego,"T, R"
13135,"DNT - CLYDE, NY",Oswego,"W, F"
13142,"DNT - CLYDE, NY",Oswego,"T, R"
13148,"DNT - CLYDE, NY",Seneca,"W, F"
13152,"DNT - CLYDE, NY",Onondaga,"T, W, R, F"
13153,"DNT - CLYDE, NY",Onondaga,"T, W, R, F"
13157,"DNT - CLYDE, NY",Oneida,"W, R, F"
13159,"DNT - CLYDE, NY",Onondaga,"W, F"
13160,"DNT - CLYDE, NY",Cayuga,"W, F"
13162,"DNT - CLYDE, NY",Oneida,"W, R, F"
13165,"DNT - CLYDE, NY",Seneca,"W, F"
13166,"DNT - CLYDE, NY",Cayuga,"W, F"
13202,"DNT - CLYDE, NY",Onondaga,"T, W, R, F"
13203,"DNT - CLYDE, NY",Onondaga,"T, W, R, F"
13204,"DNT - CLYDE, NY",Onondaga,"T, W, R, F"
13206,"DNT - CLYDE, NY",Onondaga,"T, W, R, F"
13207,"DNT - CLYDE, NY",Onondaga,"T, W, R, F"
13208,"DNT - CLYDE, NY",Onondaga,"T, W, R, F"
13209,"DNT - CLYDE, NY",Onondaga,"T, W, R, F"
13210,"DNT - CLYDE, NY",Onondaga,"T, W, R, F"
13211,"DNT - CLYDE, NY",Onondaga,"T, W, R, F"
13212,"DNT - CLYDE, NY",Onondaga,"T, W, R, F"
13214,"DNT - CLYDE, NY",Onondaga,"T, W, R, F"
13215,"DNT - CLYDE, NY",Onondaga,"T, W, R, F"
13219,"DNT - CLYDE, NY",Onondaga,"T, W, R, F"
13224,"DNT - CLYDE, NY",Onondaga,"T, W, R, F"
13290,"DNT - CLYDE, NY",Onondaga,"T, W, R, F"
13304,"DNT - CLYDE, NY",Oneida,"W, R, F"
13309,"DNT - CLYDE, NY",Oneida,R (see website for seasonal changes)
13313,"DNT - CLYDE, NY",Oneida,"W, R, F"
13316,"DNT - CLYDE, NY",Oneida,"W, R, F"
13317,"DNT EXPRESS - Albany, NY",Montgomery,Thursday Only
13321,"DNT - CLYDE, NY",Oneida,"W, R, F"
13323,"DNT - CLYDE, NY",Oneida,"W, R, F"
13325,"DNT - CLYDE, NY",Lewis,R
13326,"DNT EXPRESS - Albany, NY",Schoharie,"W, F"
13327,"DNT - CLYDE, NY",Lewis,R
13328,"DNT - CLYDE, NY",Oneida,"W, F"
13329,"DNT EXPRESS - Albany, NY",Herkimer,Thursday Only
13331,"DNT - CLYDE, NY",Herkimer,R (see website for seasonal changes)
13332,"DNT - CLYDE, NY",Madison,"W, F"
13337,"DNT EXPRESS - Albany, NY",Otsego,"W, F"
13338,"DNT - CLYDE, NY",Oneida,R Only
13339,"DNT EXPRESS - Albany, NY",Herkimer,Thursday Only
13346,"DNT - CLYDE, NY",Madison,W
13350,"DNT EXPRESS - Albany, NY",Herkimer,Thursday Only
13357,"DNT EXPRESS - Albany, NY",Herkimer,Thursday Only
13360,"DNT - CLYDE, NY",Hamilton,R (see website for seasonal changes)
13365,"DNT EXPRESS - Albany, NY",Herkimer,Thursday Only
13367,"DNT - CLYDE, NY",Lewis,R (see website for seasonal changes)
13368,"DNT - CLYDE, NY",Lewis,R (see website for seasonal changes)
13406,"DNT EXPRESS - Albany, NY",Herkimer,Thursday Only
13411,"DNT - CLYDE, NY",CHENANGO,W Only
13413,"DNT - CLYDE, NY",Oneida,"W, R, F"
13416,"DNT EXPRESS - Albany, NY",Herkimer,Thursday Only
13420,"DNT - CLYDE, NY",Herkimer,R
13421,"DNT - CLYDE, NY",Madison,"W, R, F"
13428,"DNT EXPRESS - Albany, NY",Montgomery,Thursday Only
13436,"DNT - CLYDE, NY",Hamilton,R (see website for seasonal changes)
13439,"DNT EXPRESS - Albany, NY",Schoharie,"W, F"
13440,"DNT - CLYDE, NY",Oneida,"W, R, F"
13441,"DNT - CLYDE, NY",Oneida,"W, R, F"
13450,"DNT EXPRESS - Albany, NY",Otsego,"W, F"
13459,"DNT EXPRESS - Albany, NY",Schoharie,"W, F"
13460,"DNT - CLYDE, NY",CHENANGO,W Only
13472,"DNT - CLYDE, NY",Herkimer,R (see website for seasonal changes)
13476,"DNT - CLYDE, NY",Oneida,"W, R, F"
13478,"DNT - CLYDE, NY",Oneida,"W, R, F"
13479,"DNT - CLYDE, NY",Oneida,"W, R, F"
13480,"DNT - CLYDE, NY",Oneida,"W, R, F"
13491,"DNT EXPRESS - Albany, NY",Herkimer,Thursday Only
13492,"DNT - CLYDE, NY",Oneida,"W, R, F"
13495,"DNT - CLYDE, NY",Oneida,"W, R, F"
13501,"DNT - CLYDE, NY",Oneida,"W, R, F"
13502,"DNT - CLYDE, NY",Oneida,"W, R, F"
13601,"DNT - CLYDE, NY",Jefferson,R (see website for seasonal changes)
13602,"DNT - CLYDE, NY",Jefferson,"T,R"
13605,"DNT - CLYDE, NY",Jefferson,"T,R"
13607,"DNT - CLYDE, NY",Jefferson,R (see website for seasonal changes)
13612,"DNT - CLYDE, NY",Jefferson,R
13613,"DNT EXPRESS - Albany, NY",St. Lawrence,Overnight R or F Departs 6:00 AM
13617,"DNT EXPRESS - Albany, NY",St. Lawrence,Overnight R or F Departs 6:00 AM
13618,"DNT - CLYDE, NY",Jefferson,R (see website for seasonal changes)
13619,"DNT - CLYDE, NY",Jefferson,R (see website for seasonal changes)
13621,"DNT - CLYDE, NY",St. Lawrence,R (see website for seasonal changes)
13622,"DNT - CLYDE, NY",Jefferson,R (see website for seasonal changes)
13624,"DNT - CLYDE, NY",Jefferson,R (see website for seasonal changes)
13632,"DNT - CLYDE, NY",Jefferson,R (see website for seasonal changes)
13640,"DNT - CLYDE, NY",Jefferson,R (see website for seasonal changes)
13641,"DNT - CLYDE, NY",Jefferson,R (see website for seasonal changes)
13642,"DNT - CLYDE, NY",St. Lawrence,R (see website for seasonal changes)
13646,"DNT - CLYDE, NY",St. Lawrence,R (see website for seasonal changes)
13647,"DNT EXPRESS - Albany, NY",St. Lawrence,Overnight R or F Departs 6:00 AM
13648,"DNT - CLYDE, NY",Lewis,R (see website for seasonal changes)
13656,"DNT - CLYDE, NY",Jefferson,R (see website for seasonal changes)
13658,"DNT - CLYDE, NY",St. Lawrence,R (see website for seasonal changes)
13660,"DNT EXPRESS - Albany, NY",Hamilton,Overnight R or F Departs 6:00 AM
13662,"DNT EXPRESS - Albany, NY",St. Lawrence,Overnight R or F Departs 6:00 AM
13667,"DNT EXPRESS - Albany, NY",St. Lawrence,Overnight R or F Departs 6:00 AM
13669,"DNT - CLYDE, NY",Lewis,R (see website for seasonal changes)
13669,"DNT - CLYDE, NY",St. Lawrence,R
13676,"DNT EXPRESS - Albany, NY",St. Lawrence,Overnight R or F Departs 6:00 AM
13680,"DNT - CLYDE, NY",Jefferson,R (see website for seasonal changes)
13685,"DNT - CLYDE, NY",Jefferson,"T,R"
13687,"DNT EXPRESS - Albany, NY",St. Lawrence,Overnight R or F Departs 6:00 AM
13694,"DNT - CLYDE, NY",St. Lawrence,R
13730,"DNT EXPRESS - Albany, NY",CHENANGO,Tues Only
13731,"DNT EXPRESS - Albany, NY",DELAWARE,Tuesday Only
13732,"DNT - CLYDE, NY",Tioga,F
13733,"DNT EXPRESS - Albany, NY",CHENANGO,Tues Only
13739,"DNT EXPRESS - Albany, NY",DELAWARE,Tuesday Only
13748,"DNT - CLYDE, NY",Broome,"W, F"
13753,"DNT EXPRESS - Albany, NY",DELAWARE,Tuesday Only
13754,"DNT EXPRESS - Albany, NY",DELAWARE,Tuesday Only
13755,"DNT EXPRESS - Albany, NY",DELAWARE,Tuesday Only
13757,"DNT EXPRESS - Albany, NY",DELAWARE,Tuesday Only
13760,"DNT - CLYDE, NY",Broome,"W, F"
13778,"DNT - CLYDE, NY",Chenango,"T, R"
13783,"DNT EXPRESS - Albany, NY",DELAWARE,Tuesday Only
13788,"DNT EXPRESS - Albany, NY",DELAWARE,Tuesday Only
13790,"DNT - CLYDE, NY",Broome,"W, F"
13811,"DNT - CLYDE, NY",Tioga,F
13815,"DNT - CLYDE, NY",CHENANGO,W Only
13820,"DNT EXPRESS - Albany, NY",Otsego,"W, F"
13827,"DNT - CLYDE, NY",Tioga,F
13830,"DNT - CLYDE, NY",CHENANGO,"T, R"
13833,"DNT - CLYDE, NY",Broome,"W, F"
13838,"DNT EXPRESS - Albany, NY",DELAWARE,Tuesday Only
13850,"DNT - CLYDE, NY",Broome,"W, F"
13856,"DNT EXPRESS - Albany, NY",DELAWARE,Tuesday Only
13862,"DNT - CLYDE, NY",Broome,"W, F"
13865,"DNT - CLYDE, NY",Broome,"W, F"
13901,"DNT - CLYDE, NY",Broome,"W, F"
13903,"DNT - CLYDE, NY",Broome,"W, F"
13904,"DNT - CLYDE, NY",Broome,"W, F"
13905,"DNT - CLYDE, NY",Broome,"W, F"
14001,"DNT - CLYDE, NY",Erie,"T, W, R, F"
14003,"DNT - CLYDE, NY",Genesee,"T, R"
14004,"DNT - CLYDE, NY",Erie,"T, W, R, F"
14006,"DNT - CLYDE, NY",Erie,"W, F"
14009,"DNT - CLYDE, NY",Wyoming,F
14011,"DNT - CLYDE, NY",Wyoming,Tues Only
14020,"DNT - CLYDE, NY",Genesee,Tues & Thurs
14021,"DNT - CLYDE, NY",Genesee,"T, R"
14023,"DNT - CLYDE, NY",Erie,"T, W, R, F"
14026,"DNT - CLYDE, NY",Erie,"T, W, R, F"
14030,"DNT - CLYDE, NY",Erie,"T, W, R, F"
14031,"DNT - CLYDE, NY",Erie,"T, W, R, F"
14034,"DNT - CLYDE, NY",Erie,"T, W, R, F"
14036,"DNT - CLYDE, NY",Genesee,"T, R"
14037,"DNT - CLYDE, NY",Wyoming,Thursday Only
14043,"DNT - CLYDE, NY",Erie,"T, W, R, F"
14047,"DNT - CLYDE, NY",Erie,"T, W, R, F"
14048,"DNT - CLYDE, NY",Chautauqua,"W, F"
14051,"DNT - CLYDE, NY",Erie,"T, W, R, F"
14052,"DNT - CLYDE, NY",Erie,"T, W, R, F"
14057,"DNT - CLYDE, NY",Erie,"T, W, R, F"
14059,"DNT - CLYDE, NY",Erie,"T, W, R, F"
14063,"DNT - CLYDE, NY",Chautauqua,"W, F"
14067,"DNT - CLYDE, NY",Niagara,Tues Only
14068,"DNT - CLYDE, NY",Erie,"T, W, R, F"
14070,"DNT - CLYDE, NY",Cattaraugus,F
14072,"DNT - CLYDE, NY",Erie,"T, W, R, F"
14075,"DNT - CLYDE, NY",Erie,"T, W, R, F"
14080,"DNT - CLYDE, NY",Erie,F
14085,"DNT - CLYDE, NY",Erie,"T, W, R, F"
14086,"DNT - CLYDE, NY",Erie,"T, W, R, F"
14092,"DNT - CLYDE, NY",Niagra,"T, W, R, F"
14094,"DNT - CLYDE, NY",Niagra,"T, W, R, F"
14103,"DNT - CLYDE, NY",Orleans,T
14105,"DNT - CLYDE, NY",Niagra,T
14108,"DNT - CLYDE, NY",Niagra,T
14110,"DNT - CLYDE, NY",Erie,"T, W, R, F"
14120,"DNT - CLYDE, NY",Niagra,"T, W, R, F"
14125,"DNT - CLYDE, NY",Wyoming,Tues Only
14127,"DNT - CLYDE, NY",Erie,"T, W, R, F"
14132,"DNT - CLYDE, NY",Niagra,"T, W, R, F"
14136,"DNT - CLYDE, NY",Chautauqua,"W, F"
14138,"DNT - CLYDE, NY",Cattaraugus,"W, F"
14141,"DNT - CLYDE, NY",Erie,"W, F"
14143,"DNT - CLYDE, NY",Genesee,"T, R"
14150,"DNT - CLYDE, NY",Erie,"T, W, R, F"
14172,"DNT - CLYDE, NY",Niagra,T
14173,"DNT - CLYDE, NY",Cattaraugus,F
14174,"DNT - CLYDE, NY",Niagara,"T, R"
14174,"DNT - CLYDE, NY",Niagra,T
14201,"DNT - CLYDE, NY",Erie,"T, W, R, F"
14202,"DNT - CLYDE, NY",Erie,"T, W, R, F"
14203,"DNT - CLYDE, NY",Erie,"T, W, R, F"
14204,"DNT - CLYDE, NY",Erie,"T, W, R, F"
14206,"DNT - CLYDE, NY",Erie,"T, W, R, F"
14207,"DNT - CLYDE, NY",Erie,"T, W, R, F"
14208,"DNT - CLYDE, NY",Erie,"T, W, R, F"
14209,"DNT - CLYDE, NY",Erie,"T, W, R, F"
14210,"DNT - CLYDE, NY",Erie,"T, W, R, F"
14211,"DNT - CLYDE, NY",Erie,"T, W, R, F"
14212,"DNT - CLYDE, NY",Erie,"T, W, R, F"
14213,"DNT - CLYDE, NY",Erie,"T, W, R, F"
14214,"DNT - CLYDE, NY",Erie,"T, W, R, F"
14215,"DNT - CLYDE, NY",Erie,"T, W, R, F"
14216,"DNT - CLYDE, NY",Erie,"T, W, R, F"
14217,"DNT - CLYDE, NY",Erie,"T, W, R, F"
14218,"DNT - CLYDE, NY",Erie,"T, W, R, F"
14219,"DNT - CLYDE, NY",Erie,"T, W, R, F"
14220,"DNT - CLYDE, NY",Erie,"T, W, R, F"
14221,"DNT - CLYDE, NY",Erie,"T, W, R, F"
14222,"DNT - CLYDE, NY",Erie,"T, W, R, F"
14223,"DNT - CLYDE, NY",Erie,"T, W, R, F"
14224,"DNT - CLYDE, NY",Erie,"T, W, R, F"
14225,"DNT - CLYDE, NY",Erie,"T, W, R, F"
14226,"DNT - CLYDE, NY",Erie,"T, W, R, F"
14227,"DNT - CLYDE, NY",Erie,"T, W, R, F"
14228,"DNT - CLYDE, NY",Erie,"T, W, R, F"
14230,"DNT - CLYDE, NY",Erie,"T, W, R, F"
14301,"DNT - CLYDE, NY",Niagra,"T, W, R, F"
14302,"DNT - CLYDE, NY",Niagra,"T, W, R, F"
14303,"DNT - CLYDE, NY",Niagra,"T, W, R, F"
14304,"DNT - CLYDE, NY",Erie,"T, W, R, F"
14304,"DNT - CLYDE, NY",Niagra,"T, W, R, F"
14305,"DNT - CLYDE, NY",Niagra,"T, W, R, F"
14411,"DNT - CLYDE, NY",Orleans,T
14414,"DNT - CLYDE, NY",Livingston,Tues Only
14418,"DNT - CLYDE, NY",Yates,"T, R"
14420,"DNT - CLYDE, NY",Monroe,"T, W, R, F"
14423,"DNT - CLYDE, NY",Livingston,Tues Only
14424,"DNT - CLYDE, NY",Ontario,"W, F"
14425,"DNT - CLYDE, NY",Ontario,"W, F"
14428,"DNT - CLYDE, NY",Monroe,"T, W, R, F"
14432,"DNT - CLYDE, NY",Ontario,"W, F"
14433,"DNT - CLYDE, NY",Wayne,"T, R"
14435,"DNT - CLYDE, NY",Livingston,Tues Only
14437,"DNT - CLYDE, NY",Livingston,Tues Only
14441,"DNT - CLYDE, NY",Yates,"T, R"
14443,"DNT - CLYDE, NY",Ontario,"W, F"
14445,"DNT - CLYDE, NY",Monroe,"T, W, R, F"
14450,"DNT - CLYDE, NY",Monroe,"T, W, R, F"
14454,"DNT - CLYDE, NY",Livingston,Tues Only
14456,"DNT - CLYDE, NY",Ontario,"W, F"
14464,"DNT - CLYDE, NY",Monroe,T
14467,"DNT - CLYDE, NY",Monroe,"T, W, R, F"
14468,"DNT - CLYDE, NY",Monroe,Wed Only
14469,"DNT - CLYDE, NY",Ontario,Tues Only
14471,"DNT - CLYDE, NY",Ontario,Tues Only
14472,"DNT - CLYDE, NY",Monroe,Tues Only
14478,"DNT - CLYDE, NY",Yates,"T, R"
14480,"DNT - CLYDE, NY",Livingston,Tues Only
14482,"DNT - CLYDE, NY",Leroy,Tues & Thurs
14485,"DNT - CLYDE, NY",Livingston,Tues Only
14487,"DNT - CLYDE, NY",Livingston,Tues Only
14489,"DNT - CLYDE, NY",Wayne,"T, R"
14502,"DNT - CLYDE, NY",Wayne,"T, R"
14504,"DNT - CLYDE, NY",Ontario,"W, F"
14506,"DNT - CLYDE, NY",Monroe,Tues Only
14510,"DNT - CLYDE, NY",Livingston,Tues Only
14512,"DNT - CLYDE, NY",Ontario,Tues Only
14513,"DNT - CLYDE, NY",Wayne,"T, R"
14514,"DNT - CLYDE, NY",Monroe,"T, W, R, F"
14517,"DNT - CLYDE, NY",Livingston,Tues Only
14519,"DNT - CLYDE, NY",Wayne,"T, R"
14521,"DNT - CLYDE, NY",Seneca,R
14522,"DNT - CLYDE, NY",Wayne,"T, R"
14526,"DNT - CLYDE, NY",Monroe,"T, W, R, F"
14527,"DNT - CLYDE, NY",Yates,"T, R"
14530,"DNT - CLYDE, NY",Wyoming,Tues Only
14532,"DNT - CLYDE, NY",Ontario,"W, F"
14533,"DNT - CLYDE, NY",Livingston,R
14534,"DNT - CLYDE, NY",Monroe,"T, W, R, F"
14538,"DNT - CLYDE, NY",Wayne,"T, R"
14541,"DNT - CLYDE, NY",Seneca,"W, F"
14546,"DNT - CLYDE, NY",Monroe,R
14548,"DNT - CLYDE, NY",Ontario,"W, F"
14550,"DNT - CLYDE, NY",Wyoming,Tues Only
14551,"DNT - CLYDE, NY",Wayne,"T, R"
14555,"DNT - CLYDE, NY",Wayne,"T, R"
14559,"DNT - CLYDE, NY",Monroe,"T, W, R, F"
14564,"DNT - CLYDE, NY",Ontario,"W, F"
14569,"DNT - CLYDE, NY",Wyoming,Tues Only
14572,"DNT - CLYDE, NY",Steuben,Tues Only
14580,"DNT - CLYDE, NY",Monroe,"T, W, R, F"
14580,"DNT - CLYDE, NY",Tompkins,"W, F"
14589,"DNT - CLYDE, NY",Monroe,"T, W, R, F"
14590,"DNT - CLYDE, NY",Wayne,"W, F"
14602,"DNT - CLYDE, NY",Monroe,"T, W, R, F"
14603,"DNT - CLYDE, NY",Monroe,"T, W, R, F"
14604,"DNT - CLYDE, NY",Monroe,"T, W, R, F"
14605,"DNT - CLYDE, NY",Monroe,"T, W, R, F"
14606,"DNT - CLYDE, NY",Monroe,"T, W, R, F"
14607,"DNT - CLYDE, NY",Monroe,"T, W, R, F"
14608,"DNT - CLYDE, NY",Monroe,"T, W, R, F"
14609,"DNT - CLYDE, NY",Monroe,"T, W, R, F"
14610,"DNT - CLYDE, NY",Monroe,"T, W, R, F"
14611,"DNT - CLYDE, NY",Monroe,"T, W, R, F"
14612,"DNT - CLYDE, NY",Monroe,"T, W, R, F"
14613,"DNT - CLYDE, NY",Monroe,"T, W, R, F"
14614,"DNT - CLYDE, NY",Monroe,"T, W, R, F"
14615,"DNT - CLYDE, NY",Monroe,"T, W, R, F"
14616,"DNT - CLYDE, NY",Monroe,"T, W, R, F"
14617,"DNT - CLYDE, NY",Monroe,"T, W, R, F"
14618,"DNT - CLYDE, NY",Monroe,"T, W, R, F"
14619,"DNT - CLYDE, NY",Monroe,"T, W, R, F"
14620,"DNT - CLYDE, NY",Monroe,"T, W, R, F"
14621,"DNT - CLYDE, NY",Monroe,"T, W, R, F"
14622,"DNT - CLYDE, NY",Monroe,"T,R,W,F"
14623,"DNT - CLYDE, NY",Monroe,"T, W, R, F"
14624,"DNT - CLYDE, NY",Monroe,"T, W, R, F"
14625,"DNT - CLYDE, NY",Monroe,"T, W, R, F"
14626,"DNT - CLYDE, NY",Monroe,"T, W, R, F"
14627,"DNT - CLYDE, NY",Monroe,"T, W, R, F"
14638,"DNT - CLYDE, NY",Monroe,"T, W, R, F"
14639,"DNT - CLYDE, NY",Monroe,"T, W, R, F"
14642,"DNT - CLYDE, NY",Monroe,"T, W, R, F"
14643,"DNT - CLYDE, NY",Monroe,"T, W, R, F"
14644,"DNT - CLYDE, NY",Monroe,"T, W, R, F"
14646,"DNT - CLYDE, NY",Monroe,"T, W, R, F"
14647,"DNT - CLYDE, NY",Monroe,"T, W, R, F"
14649,"DNT - CLYDE, NY",Monroe,"T, W, R, F"
14650,"DNT - CLYDE, NY",Monroe,"T, W, R, F"
14651,"DNT - CLYDE, NY",Monroe,"T, W, R, F"
14652,"DNT - CLYDE, NY",Monroe,"T, W, R, F"
14694,"DNT - CLYDE, NY",Monroe,"T, W, R, F"
14701,"DNT - CLYDE, NY",Chautauqua,"W, F"
14702,"DNT - CLYDE, NY",Chautauqua,"W, F"
14706,"DNT - CLYDE, NY",Cattaraugus,"W, F"
14709,"DNT - CLYDE, NY",Allegany,R
14712,"DNT - CLYDE, NY",Chautauqua,"W, F"
14718,"DNT - CLYDE, NY",Chautauqua,"W, F"
14720,"DNT - CLYDE, NY",Chautauqua,"W, F"
14723,"DNT - CLYDE, NY",Chautauqua,"W, F"
14724,"DNT - CLYDE, NY",Chautauqua,"W, F"
14727,"DNT - CLYDE, NY",Allegany,R
14728,"DNT - CLYDE, NY",Chautauqua,"W, F"
14731,"DNT - CLYDE, NY",Ellicottville,"W, F"
14733,"DNT - CLYDE, NY",Chautauqua,"W, F"
14737,"DNT - CLYDE, NY",Cattaraugus,"W, F"
14738,"DNT - CLYDE, NY",Chautauqua,"W, F"
14743,"DNT - CLYDE, NY",Hinsdale,"W, F"
14750,"DNT - CLYDE, NY",Chautauqua,"W, F"
14755,"DNT - CLYDE, NY",Cattaraugus,"W, F"
14757,"DNT - CLYDE, NY",Chautauqua,"W, F"
14760,"DNT - CLYDE, NY",Cattaraugus,"W, F"
14769,"DNT - CLYDE, NY",Chautauqua,"W, F"
14770,"DNT - CLYDE, NY",Cattaraugus,"W, F"
14772,"DNT - CLYDE, NY",Cattaraugus,"W, F"
14779,"DNT - CLYDE, NY",Cattaraugus,"W, F"
14784,"DNT - CLYDE, NY",Chautauqua,"W, F"
14787,"DNT - CLYDE, NY",Chautauqua,"W, F"
14801,"DNT - CLYDE, NY",Steuben,"T, R"
14802,"DNT - CLYDE, NY",Allegany,R
14805,"DNT - CLYDE, NY",Schuyler,"T, R"
14807,"DNT - CLYDE, NY",Steuben,Tues Only
14810,"DNT - CLYDE, NY",Steuben,"T, R"
14814,"DNT - CLYDE, NY",CHEMUNG,"T, R"
14814,"DNT - CLYDE, NY",CHEMUNG,"T, R"
14815,"DNT - CLYDE, NY",Schuyler,"T, R"
14821,"DNT - CLYDE, NY",Steuben,"T, R"
14823,"DNT - CLYDE, NY",Steuben,Tues Only
14826,"DNT - CLYDE, NY",Steuben,Tues Only
14830,"DNT - CLYDE, NY",Steuben,"T, R"
14837,"DNT - CLYDE, NY",Steuben,"T, R"
14837,"DNT - CLYDE, NY",Yates,"T, R"
14840,"DNT - CLYDE, NY",Steuben,"T, R"
14841,"DNT - CLYDE, NY",Schuyler,"T, R"
14842,"DNT - CLYDE, NY",Yates,"T, R"
14843,"DNT - CLYDE, NY",Steuben,Tues Only
14845,"DNT - CLYDE, NY",CHEMUNG,"T, R"
14845,"DNT - CLYDE, NY",CHEMUNG,"T, R"
14847,"DNT - CLYDE, NY",Seneca,"W, F"
14850,"DNT - CLYDE, NY",Tompkins,"W, F"
14853,"DNT - CLYDE, NY",Tompkins,"W, F"
14860,"DNT - CLYDE, NY",Seneca,R
14865,"DNT - CLYDE, NY",Schuyler,"T, R"
14870,"DNT - CLYDE, NY",Steuben,"T, R"
14871,"DNT - CLYDE, NY",CHEMUNG,"T, R"
14871,"DNT - CLYDE, NY",CHEMUNG,"T, R"
14882,"DNT - CLYDE, NY",Tompkins,"W, F"
14886,"DNT - CLYDE, NY",Tompkins,"W, F"
14889,"DNT - CLYDE, NY",CHEMUNG,"T, R"
14889,"DNT - CLYDE, NY",CHEMUNG,"T, R"
14891,"DNT - CLYDE, NY",Schuyler,"T, R"
14892,"DNT - CLYDE, NY",Tioga,F
14895,"DNT - CLYDE, NY",Allegany,Tues Only
14897,"DNT - CLYDE, NY",Allegany,Tues Only
14901,"DNT - CLYDE, NY",CHEMUNG,"T, R"
14901,"DNT - CLYDE, NY",CHEMUNG,"T, R"
14902,"DNT - CLYDE, NY",CHEMUNG,"T, R"
14902,"DNT - CLYDE, NY",CHEMUNG,"T, R"
14903,"DNT - CLYDE, NY",CHEMUNG,"T, R"
14903,"DNT - CLYDE, NY",CHEMUNG,"T, R"
14904,"DNT - CLYDE, NY",CHEMUNG,"T, R"
14904,"DNT - CLYDE, NY",CHEMUNG,"T, R"
14905,"DNT - CLYDE, NY",CHEMUNG,"T, R"
14905,"DNT - CLYDE, NY",CHEMUNG,"T, R"
