Zone#,Zip,CITY,DELIVERY DAYS
BROOKLYN,10301,BROOKLYN,"MON,TUE,WED,THU,FRI"
BROOKLYN,10302,BROOKLYN,"MON,TUE,WED,THU,FRI"
BROOKLYN,10303,BROOKLYN,"MON,TUE,WED,THU,FRI"
BROOKLYN,10304,BROOKLYN,"MON,TUE,WED,THU,FRI"
BROOKLYN,10305,BROOKLYN,"MON,TUE,WED,THU,FRI"
BROOKLYN,10306,BROOKLYN,"MON,TUE,WED,THU,FRI"
BROOKLYN,10307,BROOKLYN,"MON,TUE,WED,THU,FRI"
BROOKLYN,10308,BROOKLYN,"MON,TUE,WED,THU,FRI"
BROOKLYN,10309,BROOKLYN,"MON,TUE,WED,THU,FRI"
BROOKLYN,10310,BROOKLYN,"MON,TUE,WED,THU,FRI"
BROOKLYN,10311,BROOKLYN,"MON,TUE,WED,THU,FRI"
BROOKLYN,10312,BROOKLYN,"MON,TUE,WED,THU,FRI"
BROOKLYN,10313,BROOKLYN,"MON,TUE,WED,THU,FRI"
BROOKLYN,10314,BROOKLYN,"MON,TUE,WED,THU,FRI"
BROOKLYN,11004,BROOKLYN,"MON,TUE,WED,THU,FRI"
BROOKLYN,11025,BROOKLYN,"MON,TUE,WED,THU,FRI"
BROOKLYN,11090,BROOKLYN,"MON,TUE,WED,THU,FRI"
BROOKLYN,11096,BROOKLYN,"MON,TUE,WED,THU,FRI"
BROOKLYN,11101,BROOKLYN,"MON,TUE,WED,THU,FRI"
BROOKLYN,11102,BROOKLYN,"MON,TUE,WED,THU,FRI"
BROOKLYN,11103,BROOKLYN,"MON,TUE,WED,THU,FRI"
BROOKLYN,11104,BROOKLYN,"MON,TUE,WED,THU,FRI"
BROOKLYN,11105,BROOKLYN,"MON,TUE,WED,THU,FRI"
BROOKLYN,11106,BROOKLYN,"MON,TUE,WED,THU,FRI"
BROOKLYN,11109,BROOKLYN,"MON,TUE,WED,THU,FRI"
BROOKLYN,11201,BROOKLYN,"MON,TUE,WED,THU,FRI"
BROOKLYN,11202,BROOKLYN,"MON,TUE,WED,THU,FRI"
BROOKLYN,11203,BROOKLYN,"MON,TUE,WED,THU,FRI"
BROOKLYN,11204,BROOKLYN,"MON,TUE,WED,THU,FRI"
BROOKLYN,11205,BROOKLYN,"MON,TUE,WED,THU,FRI"
BROOKLYN,11206,BROOKLYN,"MON,TUE,WED,THU,FRI"
BROOKLYN,11207,BROOKLYN,"MON,TUE,WED,THU,FRI"
BROOKLYN,11208,BROOKLYN,"MON,TUE,WED,THU,FRI"
BROOKLYN,11209,BROOKLYN,"MON,TUE,WED,THU,FRI"
BROOKLYN,11210,BROOKLYN,"MON,TUE,WED,THU,FRI"
BROOKLYN,11211,BROOKLYN,"MON,TUE,WED,THU,FRI"
BROOKLYN,11212,BROOKLYN,"MON,TUE,WED,THU,FRI"
BROOKLYN,11213,BROOKLYN,"MON,TUE,WED,THU,FRI"
BROOKLYN,11214,BROOKLYN,"MON,TUE,WED,THU,FRI"
BROOKLYN,11215,BROOKLYN,"MON,TUE,WED,THU,FRI"
BROOKLYN,11216,BROOKLYN,"MON,TUE,WED,THU,FRI"
BROOKLYN,11217,BROOKLYN,"MON,TUE,WED,THU,FRI"
BROOKLYN,11218,BROOKLYN,"MON,TUE,WED,THU,FRI"
BROOKLYN,11219,BROOKLYN,"MON,TUE,WED,THU,FRI"
BROOKLYN,11220,BROOKLYN,"MON,TUE,WED,THU,FRI"
BROOKLYN,11221,BROOKLYN,"MON,TUE,WED,THU,FRI"
BROOKLYN,11222,BROOKLYN,"MON,TUE,WED,THU,FRI"
BROOKLYN,11223,BROOKLYN,"MON,TUE,WED,THU,FRI"
BROOKLYN,11224,BROOKLYN,"MON,TUE,WED,THU,FRI"
BROOKLYN,11225,BROOKLYN,"MON,TUE,WED,THU,FRI"
BROOKLYN,11226,BROOKLYN,"MON,TUE,WED,THU,FRI"
BROOKLYN,11227,BROOKLYN,"MON,TUE,WED,THU,FRI"
BROOKLYN,11228,BROOKLYN,"MON,TUE,WED,THU,FRI"
BROOKLYN,11229,BROOKLYN,"MON,TUE,WED,THU,FRI"
BROOKLYN,11230,BROOKLYN,"MON,TUE,WED,THU,FRI"
BROOKLYN,11231,BROOKLYN,"MON,TUE,WED,THU,FRI"
BROOKLYN,11232,BROOKLYN,"MON,TUE,WED,THU,FRI"
BROOKLYN,11233,BROOKLYN,"MON,TUE,WED,THU,FRI"
BROOKLYN,11234,BROOKLYN,"MON,TUE,WED,THU,FRI"
BROOKLYN,11235,BROOKLYN,"MON,TUE,WED,THU,FRI"
BROOKLYN,11236,BROOKLYN,"MON,TUE,WED,THU,FRI"
BROOKLYN,11237,BROOKLYN,"MON,TUE,WED,THU,FRI"
BROOKLYN,11238,BROOKLYN,"MON,TUE,WED,THU,FRI"
BROOKLYN,11239,BROOKLYN,"MON,TUE,WED,THU,FRI"
BROOKLYN,11240,BROOKLYN,"MON,TUE,WED,THU,FRI"
BROOKLYN,11241,BROOKLYN,"MON,TUE,WED,THU,FRI"
BROOKLYN,11242,BROOKLYN,"MON,TUE,WED,THU,FRI"
BROOKLYN,11243,BROOKLYN,"MON,TUE,WED,THU,FRI"
BROOKLYN,11244,BROOKLYN,"MON,TUE,WED,THU,FRI"
BROOKLYN,11245,BROOKLYN,"MON,TUE,WED,THU,FRI"
BROOKLYN,11246,BROOKLYN,"MON,TUE,WED,THU,FRI"
BROOKLYN,11247,BROOKLYN,"MON,TUE,WED,THU,FRI"
BROOKLYN,11248,BROOKLYN,"MON,TUE,WED,THU,FRI"
BROOKLYN,11249,BROOKLYN,"MON,TUE,WED,THU,FRI"
BROOKLYN,11250,BROOKLYN,"MON,TUE,WED,THU,FRI"
BROOKLYN,11251,BROOKLYN,"MON,TUE,WED,THU,FRI"
BROOKLYN,11252,BROOKLYN,"MON,TUE,WED,THU,FRI"
BROOKLYN,11253,BROOKLYN,"MON,TUE,WED,THU,FRI"
BROOKLYN,11254,BROOKLYN,"MON,TUE,WED,THU,FRI"
BROOKLYN,11255,BROOKLYN,"MON,TUE,WED,THU,FRI"
BROOKLYN,11256,BROOKLYN,"MON,TUE,WED,THU,FRI"
BROOKLYN,11305,BROOKLYN,"MON,TUE,WED,THU,FRI"
BROOKLYN,11306,BROOKLYN,"MON,TUE,WED,THU,FRI"
BROOKLYN,11351,BROOKLYN,"MON,TUE,WED,THU,FRI"
BROOKLYN,11352,BROOKLYN,"MON,TUE,WED,THU,FRI"
BROOKLYN,11354,BROOKLYN,"MON,TUE,WED,THU,FRI"
BROOKLYN,11355,BROOKLYN,"MON,TUE,WED,THU,FRI"
BROOKLYN,11356,BROOKLYN,"MON,TUE,WED,THU,FRI"
BROOKLYN,11357,BROOKLYN,"MON,TUE,WED,THU,FRI"
BROOKLYN,11358,BROOKLYN,"MON,TUE,WED,THU,FRI"
BROOKLYN,11359,BROOKLYN,"MON,TUE,WED,THU,FRI"
BROOKLYN,11360,BROOKLYN,"MON,TUE,WED,THU,FRI"
BROOKLYN,11361,BROOKLYN,"MON,TUE,WED,THU,FRI"
BROOKLYN,11362,BROOKLYN,"MON,TUE,WED,THU,FRI"
BROOKLYN,11363,BROOKLYN,"MON,TUE,WED,THU,FRI"
BROOKLYN,11364,BROOKLYN,"MON,TUE,WED,THU,FRI"
BROOKLYN,11365,BROOKLYN,"MON,TUE,WED,THU,FRI"
BROOKLYN,11366,BROOKLYN,"MON,TUE,WED,THU,FRI"
BROOKLYN,11367,BROOKLYN,"MON,TUE,WED,THU,FRI"
BROOKLYN,11368,BROOKLYN,"MON,TUE,WED,THU,FRI"
BROOKLYN,11369,BROOKLYN,"MON,TUE,WED,THU,FRI"
BROOKLYN,11370,BROOKLYN,"MON,TUE,WED,THU,FRI"
BROOKLYN,11371,BROOKLYN,"MON,TUE,WED,THU,FRI"
BROOKLYN,11372,BROOKLYN,"MON,TUE,WED,THU,FRI"
BROOKLYN,11373,BROOKLYN,"MON,TUE,WED,THU,FRI"
BROOKLYN,11374,BROOKLYN,"MON,TUE,WED,THU,FRI"
BROOKLYN,11375,BROOKLYN,"MON,TUE,WED,THU,FRI"
BROOKLYN,11377,BROOKLYN,"MON,TUE,WED,THU,FRI"
BROOKLYN,11378,BROOKLYN,"MON,TUE,WED,THU,FRI"
BROOKLYN,11379,BROOKLYN,"MON,TUE,WED,THU,FRI"
BROOKLYN,11380,BROOKLYN,"MON,TUE,WED,THU,FRI"
BROOKLYN,11381,BROOKLYN,"MON,TUE,WED,THU,FRI"
BROOKLYN,11385,BROOKLYN,"MON,TUE,WED,THU,FRI"
BROOKLYN,11386,BROOKLYN,"MON,TUE,WED,THU,FRI"
BROOKLYN,11388,BROOKLYN,"MON,TUE,WED,THU,FRI"
BROOKLYN,11390,BROOKLYN,"MON,TUE,WED,THU,FRI"
BROOKLYN,11405,BROOKLYN,"MON,TUE,WED,THU,FRI"
BROOKLYN,11411,BROOKLYN,"MON,TUE,WED,THU,FRI"
BROOKLYN,11412,BROOKLYN,"MON,TUE,WED,THU,FRI"
BROOKLYN,11413,BROOKLYN,"MON,TUE,WED,THU,FRI"
BROOKLYN,11414,BROOKLYN,"MON,TUE,WED,THU,FRI"
BROOKLYN,11415,BROOKLYN,"MON,TUE,WED,THU,FRI"
BROOKLYN,11416,BROOKLYN,"MON,TUE,WED,THU,FRI"
BROOKLYN,11417,BROOKLYN,"MON,TUE,WED,THU,FRI"
BROOKLYN,11418,BROOKLYN,"MON,TUE,WED,THU,FRI"
BROOKLYN,11419,BROOKLYN,"MON,TUE,WED,THU,FRI"
BROOKLYN,11420,BROOKLYN,"MON,TUE,WED,THU,FRI"
BROOKLYN,11421,BROOKLYN,"MON,TUE,WED,THU,FRI"
BROOKLYN,11422,BROOKLYN,"MON,TUE,WED,THU,FRI"
BROOKLYN,11423,BROOKLYN,"MON,TUE,WED,THU,FRI"
BROOKLYN,11424,BROOKLYN,"MON,TUE,WED,THU,FRI"
BROOKLYN,11425,BROOKLYN,"MON,TUE,WED,THU,FRI"
BROOKLYN,11426,BROOKLYN,"MON,TUE,WED,THU,FRI"
BROOKLYN,11427,BROOKLYN,"MON,TUE,WED,THU,FRI"
BROOKLYN,11428,BROOKLYN,"MON,TUE,WED,THU,FRI"
BROOKLYN,11429,BROOKLYN,"MON,TUE,WED,THU,FRI"
BROOKLYN,11431,BROOKLYN,"MON,TUE,WED,THU,FRI"
BROOKLYN,11432,BROOKLYN,"MON,TUE,WED,THU,FRI"
BROOKLYN,11433,BROOKLYN,"MON,TUE,WED,THU,FRI"
BROOKLYN,11434,BROOKLYN,"MON,TUE,WED,THU,FRI"
BROOKLYN,11435,BROOKLYN,"MON,TUE,WED,THU,FRI"
BROOKLYN,11436,BROOKLYN,"MON,TUE,WED,THU,FRI"
BROOKLYN,11439,BROOKLYN,"MON,TUE,WED,THU,FRI"
BROOKLYN,11451,BROOKLYN,"MON,TUE,WED,THU,FRI"
BROOKLYN,11499,BROOKLYN,"MON,TUE,WED,THU,FRI"
BROOKLYN,11509,BROOKLYN,"MON,TUE,WED,THU,FRI"
BROOKLYN,11692,BROOKLYN,"MON,TUE,WED,THU,FRI"
BROOKLYN,11694,BROOKLYN,"MON,TUE,WED,THU,FRI"
BROOKLYN,11697,BROOKLYN,"MON,TUE,WED,THU,FRI"
BROOKLYN,11698,BROOKLYN,"MON,TUE,WED,THU,FRI"
CENTRAL JERSEY,08801,Annandale,"TUE,WED,THU,FRI"
CENTRAL JERSEY,07001,"Avenel,","TUE,WED,THU,FRI"
CENTRAL JERSEY,07920,Basking Ridge,"TUE,WED,THU,FRI"
CENTRAL JERSEY,07939,Basking Ridge,"TUE,WED,THU,FRI"
CENTRAL JERSEY,07921,Bedminster,"TUE,WED,THU,FRI"
CENTRAL JERSEY,08502,Belle Mead,"TUE,WED,THU,FRI"
CENTRAL JERSEY,07922,"Berkeley Heights,","TUE,WED,THU,FRI"
CENTRAL JERSEY,07924,Bernardsville,"TUE,WED,THU,FRI"
CENTRAL JERSEY,08805,"Bound Brook,","TUE,WED,THU,FRI"
CENTRAL JERSEY,08853,Branchburg,"TUE,WED,THU,FRI"
CENTRAL JERSEY,08807,Bridgewater Township,"TUE,WED,THU,FRI"
CENTRAL JERSEY,07008,Carteret,"TUE,WED,THU,FRI"
CENTRAL JERSEY,07066,"Clark,","TUE,WED,THU,FRI"
CENTRAL JERSEY,08809,Clinton,"TUE,WED,THU,FRI"
CENTRAL JERSEY,07067,"Colonia,","TUE,WED,THU,FRI"
CENTRAL JERSEY,07961,"Convent Station,","TUE,WED,THU,FRI"
CENTRAL JERSEY,07016,"Cranford,","TUE,WED,THU,FRI"
CENTRAL JERSEY,08810,Dayton,"TUE,WED,THU,FRI"
CENTRAL JERSEY,08812,Dunellen,"TUE,WED,THU,FRI"
CENTRAL JERSEY,08816,"East Brunswick,","TUE,WED,THU,FRI"
CENTRAL JERSEY,07936,East Hanover,"TUE,WED,THU,FRI"
CENTRAL JERSEY,07017,East Orange,"TUE,WED,THU,FRI"
CENTRAL JERSEY,08512,"East Windsor,","TUE,WED,THU,FRI"
CENTRAL JERSEY,08520,"East Windsor,","TUE,WED,THU,FRI"
CENTRAL JERSEY,08817,Edison,"TUE,WED,THU,FRI"
CENTRAL JERSEY,08818,Edison,"TUE,WED,THU,FRI"
CENTRAL JERSEY,08820,Edison,"TUE,WED,THU,FRI"
CENTRAL JERSEY,08837,"Edison,","TUE,WED,THU,FRI"
CENTRAL JERSEY,07201,Elizabeth,"TUE,WED,THU,FRI"
CENTRAL JERSEY,07207,Elizabeth,"TUE,WED,THU,FRI"
CENTRAL JERSEY,07208,Elizabeth,"TUE,WED,THU,FRI"
CENTRAL JERSEY,07202,"Elizabeth,","TUE,WED,THU,FRI"
CENTRAL JERSEY,07206,"Elizabethport,","TUE,WED,THU,FRI"
CENTRAL JERSEY,08560,Ewing Township,"TUE,WED,THU,FRI"
CENTRAL JERSEY,08638,Ewing Township,"TUE,WED,THU,FRI"
CENTRAL JERSEY,08618,"Ewing Township,","TUE,WED,THU,FRI"
CENTRAL JERSEY,07023,Fanwood,"TUE,WED,THU,FRI"
CENTRAL JERSEY,07931,"Far Hills,","TUE,WED,THU,FRI"
CENTRAL JERSEY,08822,Flemington,"TUE,WED,THU,FRI"
CENTRAL JERSEY,08863,Fords,"TUE,WED,THU,FRI"
CENTRAL JERSEY,08823,Franklin Park,"TUE,WED,THU,FRI"
CENTRAL JERSEY,08825,"Frenchtown,","TUE,WED,THU,FRI"
CENTRAL JERSEY,07027,"Garwood,","TUE,WED,THU,FRI"
CENTRAL JERSEY,07933,Gillette,"TUE,WED,THU,FRI"
CENTRAL JERSEY,07934,Gladstone,"TUE,WED,THU,FRI"
CENTRAL JERSEY,08826,Glen Gardner,"TUE,WED,THU,FRI"
CENTRAL JERSEY,08827,Hampton,"TUE,WED,THU,FRI"
CENTRAL JERSEY,07029,Harrison,"TUE,WED,THU,FRI"
CENTRAL JERSEY,08829,High Bridge,"TUE,WED,THU,FRI"
CENTRAL JERSEY,08831,High Bridge,"TUE,WED,THU,FRI"
CENTRAL JERSEY,08844,Hillsborough Township,"TUE,WED,THU,FRI"
CENTRAL JERSEY,08542,Hopewell,"TUE,WED,THU,FRI"
CENTRAL JERSEY,08525,"Hopewell,","TUE,WED,THU,FRI"
CENTRAL JERSEY,07111,Irvington,"TUE,WED,THU,FRI"
CENTRAL JERSEY,08830,Iselin,"TUE,WED,THU,FRI"
CENTRAL JERSEY,08832,"Keasbey,","TUE,WED,THU,FRI"
CENTRAL JERSEY,08824,Kendall Park,"TUE,WED,THU,FRI"
CENTRAL JERSEY,07033,"Kenilworth,","TUE,WED,THU,FRI"
CENTRAL JERSEY,08528,Kingston,"TUE,WED,THU,FRI"
CENTRAL JERSEY,08530,Lambertville,"TUE,WED,THU,FRI"
CENTRAL JERSEY,08879,Laurence Harbor,"TUE,WED,THU,FRI"
CENTRAL JERSEY,08833,Lebanon,"TUE,WED,THU,FRI"
CENTRAL JERSEY,07036,Linden,"TUE,WED,THU,FRI"
CENTRAL JERSEY,08835,"Manville,","TUE,WED,THU,FRI"
CENTRAL JERSEY,07040,Maplewood,"TUE,WED,THU,FRI"
CENTRAL JERSEY,08836,"Martinsville,","TUE,WED,THU,FRI"
CENTRAL JERSEY,08619,Mercerville,"TUE,WED,THU,FRI"
CENTRAL JERSEY,08840,"Metuchen,","TUE,WED,THU,FRI"
CENTRAL JERSEY,08846,Middlesex,"TUE,WED,THU,FRI"
CENTRAL JERSEY,08848,Milford,"TUE,WED,THU,FRI"
CENTRAL JERSEY,07041,Millburn,"TUE,WED,THU,FRI"
CENTRAL JERSEY,07946,Millington,"TUE,WED,THU,FRI"
CENTRAL JERSEY,08850,Milltown,"TUE,WED,THU,FRI"
CENTRAL JERSEY,08852,Monmouth Junction,"TUE,WED,THU,FRI"
CENTRAL JERSEY,07092,Mountainside,"TUE,WED,THU,FRI"
CENTRAL JERSEY,08901,"New Brunswick,","TUE,WED,THU,FRI"
CENTRAL JERSEY,08902,"New Brunswick,","TUE,WED,THU,FRI"
CENTRAL JERSEY,08904,"New Brunswick,","TUE,WED,THU,FRI"
CENTRAL JERSEY,07974,"New Providence,","TUE,WED,THU,FRI"
CENTRAL JERSEY,08876,North Branch,"TUE,WED,THU,FRI"
CENTRAL JERSEY,07060,North Plainfield,"TUE,WED,THU,FRI"
CENTRAL JERSEY,07062,"North Plainfield,","TUE,WED,THU,FRI"
CENTRAL JERSEY,08857,Old Bridge,"TUE,WED,THU,FRI"
CENTRAL JERSEY,08858,Oldwick,"TUE,WED,THU,FRI"
CENTRAL JERSEY,07050,Orange,"TUE,WED,THU,FRI"
CENTRAL JERSEY,08859,Parlin,"TUE,WED,THU,FRI"
CENTRAL JERSEY,07977,"Peapack,","TUE,WED,THU,FRI"
CENTRAL JERSEY,08534,Pennington,"TUE,WED,THU,FRI"
CENTRAL JERSEY,08861,"Perth Amboy,","TUE,WED,THU,FRI"
CENTRAL JERSEY,07058,Pine Brook,"TUE,WED,THU,FRI"
CENTRAL JERSEY,08854,"Piscataway,","TUE,WED,THU,FRI"
CENTRAL JERSEY,07069,Plainfield,"TUE,WED,THU,FRI"
CENTRAL JERSEY,08536,Plainsboro Township,"TUE,WED,THU,FRI"
CENTRAL JERSEY,07978,"Pluckemin,","TUE,WED,THU,FRI"
CENTRAL JERSEY,07064,port reading,"TUE,WED,THU,FRI"
CENTRAL JERSEY,08544,Princeton,"TUE,WED,THU,FRI"
CENTRAL JERSEY,08550,"Princeton Junction,","TUE,WED,THU,FRI"
CENTRAL JERSEY,08540,"Princeton,","TUE,WED,THU,FRI"
CENTRAL JERSEY,08543,"Princeton,","TUE,WED,THU,FRI"
CENTRAL JERSEY,07065,"Rahway,","TUE,WED,THU,FRI"
CENTRAL JERSEY,08869,Raritan,"TUE,WED,THU,FRI"
CENTRAL JERSEY,08551,"Ringoes,","TUE,WED,THU,FRI"
CENTRAL JERSEY,08553,Rocky Hill,"TUE,WED,THU,FRI"
CENTRAL JERSEY,07204,Roselle Park,"TUE,WED,THU,FRI"
CENTRAL JERSEY,07203,"Roselle,","TUE,WED,THU,FRI"
CENTRAL JERSEY,08872,Sayreville,"TUE,WED,THU,FRI"
CENTRAL JERSEY,07076,Scotch Plains,"TUE,WED,THU,FRI"
CENTRAL JERSEY,08557,SERGEANTSVLLE,"TUE,WED,THU,FRI"
CENTRAL JERSEY,07077,"Sewaren,","TUE,WED,THU,FRI"
CENTRAL JERSEY,08558,"Skillman,","TUE,WED,THU,FRI"
CENTRAL JERSEY,08873,"Somerset,","TUE,WED,THU,FRI"
CENTRAL JERSEY,08880,"South Bound Brook,","TUE,WED,THU,FRI"
CENTRAL JERSEY,07079,South Orange,"TUE,WED,THU,FRI"
CENTRAL JERSEY,07080,South Plainfield,"TUE,WED,THU,FRI"
CENTRAL JERSEY,08882,South River,"TUE,WED,THU,FRI"
CENTRAL JERSEY,08884,Spotswood,"TUE,WED,THU,FRI"
CENTRAL JERSEY,07081,Springfield Township,"TUE,WED,THU,FRI"
CENTRAL JERSEY,07980,"Stirling,","TUE,WED,THU,FRI"
CENTRAL JERSEY,08559,Stockton,"TUE,WED,THU,FRI"
CENTRAL JERSEY,07901,"Summit,","TUE,WED,THU,FRI"
CENTRAL JERSEY,07902,"Summit,","TUE,WED,THU,FRI"
CENTRAL JERSEY,07830,Tewksbury,"TUE,WED,THU,FRI"
CENTRAL JERSEY,07205,Township of Hillside,"TUE,WED,THU,FRI"
CENTRAL JERSEY,08609,Trenton,"TUE,WED,THU,FRI"
CENTRAL JERSEY,08620,Trenton,"TUE,WED,THU,FRI"
CENTRAL JERSEY,08648,Trenton,"TUE,WED,THU,FRI"
CENTRAL JERSEY,08690,Trenton,"TUE,WED,THU,FRI"
CENTRAL JERSEY,08691,Trenton,"TUE,WED,THU,FRI"
CENTRAL JERSEY,08610,"Trenton,","TUE,WED,THU,FRI"
CENTRAL JERSEY,08611,"Trenton,","TUE,WED,THU,FRI"
CENTRAL JERSEY,08650,"Trenton,","TUE,WED,THU,FRI"
CENTRAL JERSEY,08629,"Trenton,","TUE,WED,THU,FRI"
CENTRAL JERSEY,07083,"Union,","TUE,WED,THU,FRI"
CENTRAL JERSEY,07088,Vauxhall,"TUE,WED,THU,FRI"
CENTRAL JERSEY,07059,"Warren,","TUE,WED,THU,FRI"
CENTRAL JERSEY,07052,West Orange,"TUE,WED,THU,FRI"
CENTRAL JERSEY,08628,West Trenton,"TUE,WED,THU,FRI"
CENTRAL JERSEY,07091,Westfield,"TUE,WED,THU,FRI"
CENTRAL JERSEY,07090,"Westfield,","TUE,WED,THU,FRI"
CENTRAL JERSEY,08888,Whitehouse,"TUE,WED,THU,FRI"
CENTRAL JERSEY,08889,Whitehouse Station,"TUE,WED,THU,FRI"
CENTRAL JERSEY,07095,Woodbridge,"TUE,WED,THU,FRI"
CENTRAL JERSEY,08890,Zarephath,"TUE,WED,THU,FRI"
HAMPTONS,11930,"Amagansett,","TUE, THU"
HAMPTONS,11931,Aquebogue,"TUE, THU"
HAMPTONS,11932,Bridgehampton,"TUE, THU"
HAMPTONS,11933,Calverton,"TUE, THU"
HAMPTONS,11934,Center Moriches,"TUE, THU"
HAMPTONS,11935,Cutchogue,"TUE, THU"
HAMPTONS,11937,East Hampton,"TUE, THU"
HAMPTONS,11939,East Marion,"TUE, THU"
HAMPTONS,11940,East Moriches,"TUE, THU"
HAMPTONS,11942,East Quogue,"TUE, THU"
HAMPTONS,11941,Eastport,"TUE, THU"
HAMPTONS,11770,Fire Island,"TUE, THU"
HAMPTONS,11944,Greenport,"TUE, THU"
HAMPTONS,11946,Hampton Bays,"TUE, THU"
HAMPTONS,11947,Jamesport,"TUE, THU"
HAMPTONS,11948,"Laurel,","TUE, THU"
HAMPTONS,11949,Manorville,"TUE, THU"
HAMPTONS,11952,Mattituck,"TUE, THU"
HAMPTONS,11953,Middle Island,"TUE, THU"
HAMPTONS,11764,Miller Place,"TUE, THU"
HAMPTONS,11954,Montauk,"TUE, THU"
HAMPTONS,11766,Mount Sinai,"TUE, THU"
HAMPTONS,11956,"New Suffolk,","TUE, THU"
HAMPTONS,11958,Peconic,"TUE, THU"
HAMPTONS,11959,Quogue,"TUE, THU"
HAMPTONS,11960,Remsenburg,"TUE, THU"
HAMPTONS,11961,"Ridge,","TUE, THU"
HAMPTONS,11901,Riverhead,"TUE, THU"
HAMPTONS,11901,Riverhead--EHP COSTCO,"TUE, THU"
HAMPTONS,11778,Rocky Point,"TUE, THU"
HAMPTONS,11963,Sag Harbor,"TUE, THU"
HAMPTONS,11962,Sagaponack,"TUE, THU"
HAMPTONS,11964,Shelter Island,"TUE, THU"
HAMPTONS,11965,Shelter Island Heights,"TUE, THU"
HAMPTONS,11967,"Shirley,","TUE, THU"
HAMPTONS,11786,Shoreham,"TUE, THU"
HAMPTONS,11789,Sound Beach,"TUE, THU"
HAMPTONS,11968,Southampton,"TUE, THU"
HAMPTONS,11969,Southampton,"TUE, THU"
HAMPTONS,11971,Southold,"TUE, THU"
HAMPTONS,11972,"Speonk,","TUE, THU"
HAMPTONS,11978,W HAMPTON BCH,"TUE, THU"
HAMPTONS,11792,Wading River,"TUE, THU"
HAMPTONS,11975,Wainscott,"TUE, THU"
HAMPTONS,11976,Water Mill,"TUE, THU"
HAMPTONS,11977,Westhampton,"TUE, THU"
HAMPTONS,11980,Yaphank,"TUE, THU"
JERSEY SHORE,08201,Absecon,"TUE, THU"
JERSEY SHORE,08401,Atlantic City,"TUE, THU"
JERSEY SHORE,08404,Atlantic City,"TUE, THU"
JERSEY SHORE,08202,Avalon,"TUE, THU"
JERSEY SHORE,08005,Barnegat,"TUE, THU"
JERSEY SHORE,08008,"Beach Haven,","TUE, THU"
JERSEY SHORE,08724,Brick Township,"TUE, THU"
JERSEY SHORE,08203,Brigantine,"TUE, THU"
JERSEY SHORE,08310,"Buena,","TUE, THU"
JERSEY SHORE,08204,Cape May,"TUE, THU"
JERSEY SHORE,08210,CAPE MAY,"TUE, THU"
JERSEY SHORE,08274,Del Haven,"TUE, THU"
JERSEY SHORE,08251,Del Haven NJ,"TUE, THU"
JERSEY SHORE,08215,Egg Harbor City,"TUE, THU"
JERSEY SHORE,08234,Egg Harbor Township,"TUE, THU"
JERSEY SHORE,08731,Forked River,"TUE, THU"
JERSEY SHORE,08037,Hammonton,"WED, FRI"
JERSEY SHORE,08734,Lanoka Harbor,"TUE, THU"
JERSEY SHORE,08735,"Lavallette,","TUE, THU"
JERSEY SHORE,08221,Linwood,"TUE, THU"
JERSEY SHORE,08738,Mantoloking,"TUE, THU"
JERSEY SHORE,08402,"Margate City,","TUE, THU"
JERSEY SHORE,08223,Marmora,"TUE, THU"
JERSEY SHORE,08330,Mays Landing,"TUE, THU"
JERSEY SHORE,08087,Mystic Islands,"TUE, THU"
JERSEY SHORE,08225,Northfield,"TUE, THU"
JERSEY SHORE,08230,Ocean View,"TUE, THU"
JERSEY SHORE,08741,Pine Beach,"TUE, THU"
JERSEY SHORE,08232,Pleasantville,"TUE, THU"
JERSEY SHORE,08242,Rio Grande,"TUE, THU"
JERSEY SHORE,08205,Smithville,"TUE, THU"
JERSEY SHORE,08244,Somers Point,"TUE, THU"
JERSEY SHORE,08050,"Stafford Township,","TUE, THU"
JERSEY SHORE,08247,"Stone Harbor,","TUE, THU"
JERSEY SHORE,08248,Strathmere,"TUE, THU"
JERSEY SHORE,08243,Townsends Inlet,"TUE, THU"
JERSEY SHORE,08250,Tuckahoe,"TUE, THU"
JERSEY SHORE,08406,Ventnor City,"TUE, THU"
JERSEY SHORE,08758,"Waretown,","TUE, THU"
JERSEY SHORE,08260,Wildwood Crest,"TUE, THU"
JERSEY SHORE,08270,Woodbine,"TUE, THU"
LONG ISLAND TO 112,11507,Albertson,"TUE,WED,THU,FRI"
LONG ISLAND TO 112,11701,Amityville,"TUE,WED,THU,FRI"
LONG ISLAND TO 112,11708,Amityville,"TUE,WED,THU,FRI"
LONG ISLAND TO 112,11711,Amityville,"TUE,WED,THU,FRI"
LONG ISLAND TO 112,11712,Amityville,"TUE,WED,THU,FRI"
LONG ISLAND TO 112,11723,Amityville,"TUE,WED,THU,FRI"
LONG ISLAND TO 112,11744,Amityville,"TUE,WED,THU,FRI"
LONG ISLAND TO 112,11748,Amityville,"TUE,WED,THU,FRI"
LONG ISLAND TO 112,11702,Babylon,"TUE,WED,THU,FRI"
LONG ISLAND TO 112,11510,Baldwin,"TUE,WED,THU,FRI"
LONG ISLAND TO 112,11706,Bay Shore,"TUE,WED,THU,FRI"
LONG ISLAND TO 112,11705,Bayport,"TUE,WED,THU,FRI"
LONG ISLAND TO 112,11709,Bayville,"TUE,WED,THU,FRI"
LONG ISLAND TO 112,11001,Bellerose Village,"TUE,WED,THU,FRI"
LONG ISLAND TO 112,11710,Bellmore,"TUE,WED,THU,FRI"
LONG ISLAND TO 112,11713,Bellport,"TUE,WED,THU,FRI"
LONG ISLAND TO 112,11714,Bethpage,"TUE,WED,THU,FRI"
LONG ISLAND TO 112,11715,Blue Point,"TUE,WED,THU,FRI"
LONG ISLAND TO 112,11716,Bohemia,"TUE,WED,THU,FRI"
LONG ISLAND TO 112,11717,Brentwood,"TUE,WED,THU,FRI"
LONG ISLAND TO 112,11718,Brightwaters,"TUE,WED,THU,FRI"
LONG ISLAND TO 112,11719,Brookhaven,"TUE,WED,THU,FRI"
LONG ISLAND TO 112,11275,BROOKLYN,"TUE,WED,THU,FRI"
LONG ISLAND TO 112,11514,Carle Place,"TUE,WED,THU,FRI"
LONG ISLAND TO 112,11761,Cato,"TUE,WED,THU,FRI"
LONG ISLAND TO 112,11516,Cedarhurst,"TUE,WED,THU,FRI"
LONG ISLAND TO 112,11720,Centereach,"TUE,WED,THU,FRI"
LONG ISLAND TO 112,11721,Centerport,"TUE,WED,THU,FRI"
LONG ISLAND TO 112,11722,Central Islip,"TUE,WED,THU,FRI"
LONG ISLAND TO 112,11724,Cold Spring Harbor,"TUE,WED,THU,FRI"
LONG ISLAND TO 112,11725,Commack,"TUE,WED,THU,FRI"
LONG ISLAND TO 112,11726,Copiague,"TUE,WED,THU,FRI"
LONG ISLAND TO 112,11727,Coram,"TUE,WED,THU,FRI"
LONG ISLAND TO 112,11729,Deer Park,"TUE,WED,THU,FRI"
LONG ISLAND TO 112,11730,East Islip,"TUE,WED,THU,FRI"
LONG ISLAND TO 112,11554,East Meadow,"TUE,WED,THU,FRI"
LONG ISLAND TO 112,11731,East Northport,"TUE,WED,THU,FRI"
LONG ISLAND TO 112,11732,East Norwich,"TUE,WED,THU,FRI"
LONG ISLAND TO 112,11518,East Rockaway,"TUE,WED,THU,FRI"
LONG ISLAND TO 112,11733,East Setauket,"TUE,WED,THU,FRI"
LONG ISLAND TO 112,11690,Far Rockaway,"TUE,WED,THU,FRI"
LONG ISLAND TO 112,11691,Far Rockaway,"TUE,WED,THU,FRI"
LONG ISLAND TO 112,11693,Far Rockaway,"TUE,WED,THU,FRI"
LONG ISLAND TO 112,11695,Far Rockaway,"TUE,WED,THU,FRI"
LONG ISLAND TO 112,11735,Farmingdale,"TUE,WED,THU,FRI"
LONG ISLAND TO 112,11736,Farmingdale,"TUE,WED,THU,FRI"
LONG ISLAND TO 112,11737,Farmingdale,"TUE,WED,THU,FRI"
LONG ISLAND TO 112,11774,Farmingdale,"TUE,WED,THU,FRI"
LONG ISLAND TO 112,11738,Farmingville,"TUE,WED,THU,FRI"
LONG ISLAND TO 112,11002,Floral Park,"TUE,WED,THU,FRI"
LONG ISLAND TO 112,11005,Floral Park,"TUE,WED,THU,FRI"
LONG ISLAND TO 112,11010,Franklin Square,"TUE,WED,THU,FRI"
LONG ISLAND TO 112,11520,Freeport,"TUE,WED,THU,FRI"
LONG ISLAND TO 112,11530,Garden City,"TUE,WED,THU,FRI"
LONG ISLAND TO 112,11542,Glen Cove,"TUE,WED,THU,FRI"
LONG ISLAND TO 112,11545,Glen Head,"TUE,WED,THU,FRI"
LONG ISLAND TO 112,11020,Great Neck,"TUE,WED,THU,FRI"
LONG ISLAND TO 112,11021,Great Neck,"TUE,WED,THU,FRI"
LONG ISLAND TO 112,11022,Great Neck,"TUE,WED,THU,FRI"
LONG ISLAND TO 112,11023,Great Neck,"TUE,WED,THU,FRI"
LONG ISLAND TO 112,11024,Great Neck,"TUE,WED,THU,FRI"
LONG ISLAND TO 112,11739,Great River,"TUE,WED,THU,FRI"
LONG ISLAND TO 112,11740,Greenlawn,"TUE,WED,THU,FRI"
LONG ISLAND TO 112,11548,Greenvale,"TUE,WED,THU,FRI"
LONG ISLAND TO 112,11788,Hauppauge,"TUE,WED,THU,FRI"
LONG ISLAND TO 112,11550,Hempstead,"TUE,WED,THU,FRI"
LONG ISLAND TO 112,11557,Hewlett,"TUE,WED,THU,FRI"
LONG ISLAND TO 112,11801,Hicksville,"TUE,WED,THU,FRI"
LONG ISLAND TO 112,11802,Hicksville,"TUE,WED,THU,FRI"
LONG ISLAND TO 112,11741,Holbrook,"TUE,WED,THU,FRI"
LONG ISLAND TO 112,11742,Holtsville,"TUE,WED,THU,FRI"
LONG ISLAND TO 112,11743,Huntington,"TUE,WED,THU,FRI"
LONG ISLAND TO 112,11747,Huntington Station,"TUE,WED,THU,FRI"
LONG ISLAND TO 112,11750,Huntington Station,"TUE,WED,THU,FRI"
LONG ISLAND TO 112,11558,Island Park,"TUE,WED,THU,FRI"
LONG ISLAND TO 112,11749,Islandia,"TUE,WED,THU,FRI"
LONG ISLAND TO 112,11760,Islandia,"TUE,WED,THU,FRI"
LONG ISLAND TO 112,11751,Islip,"TUE,WED,THU,FRI"
LONG ISLAND TO 112,11752,Islip Terrace,"TUE,WED,THU,FRI"
LONG ISLAND TO 112,11057,Jamaica,"TUE,WED,THU,FRI"
LONG ISLAND TO 112,11430,Jamaica,"TUE,WED,THU,FRI"
LONG ISLAND TO 112,11734,Jamaica,"TUE,WED,THU,FRI"
LONG ISLAND TO 112,11753,Jericho,"TUE,WED,THU,FRI"
LONG ISLAND TO 112,11754,Kings Park,"TUE,WED,THU,FRI"
LONG ISLAND TO 112,11755,Lake Grove,"TUE,WED,THU,FRI"
LONG ISLAND TO 112,11559,Lawrence,"TUE,WED,THU,FRI"
LONG ISLAND TO 112,11756,Levittown,"TUE,WED,THU,FRI"
LONG ISLAND TO 112,11757,Lindenhurst,"TUE,WED,THU,FRI"
LONG ISLAND TO 112,11560,Locust Valley,"TUE,WED,THU,FRI"
LONG ISLAND TO 112,11561,Long Beach,"TUE,WED,THU,FRI"
LONG ISLAND TO 112,11120,Long Island City,"TUE,WED,THU,FRI"
LONG ISLAND TO 112,11563,Lynbrook,"TUE,WED,THU,FRI"
LONG ISLAND TO 112,11565,Malverne,"TUE,WED,THU,FRI"
LONG ISLAND TO 112,11030,Manhasset,"TUE,WED,THU,FRI"
LONG ISLAND TO 112,11758,Massapequa,"TUE,WED,THU,FRI"
LONG ISLAND TO 112,11762,Massapequa Park,"TUE,WED,THU,FRI"
LONG ISLAND TO 112,11763,Medford,"TUE,WED,THU,FRI"
LONG ISLAND TO 112,11775,Melville,"TUE,WED,THU,FRI"
LONG ISLAND TO 112,11566,Merrick,"TUE,WED,THU,FRI"
LONG ISLAND TO 112,11765,Mill Neck,"TUE,WED,THU,FRI"
LONG ISLAND TO 112,11501,Mineola,"TUE,WED,THU,FRI"
LONG ISLAND TO 112,11526,Mineola,"TUE,WED,THU,FRI"
LONG ISLAND TO 112,11583,Nassau,"TUE,WED,THU,FRI"
LONG ISLAND TO 112,11759,Nassau,"TUE,WED,THU,FRI"
LONG ISLAND TO 112,11767,Nesconset,"TUE,WED,THU,FRI"
LONG ISLAND TO 112,11040,New Hyde Park,"TUE,WED,THU,FRI"
LONG ISLAND TO 112,11042,New Hyde Park,"TUE,WED,THU,FRI"
LONG ISLAND TO 112,11703,North Babylon,"TUE,WED,THU,FRI"
LONG ISLAND TO 112,11503,North Hempstead,"TUE,WED,THU,FRI"
LONG ISLAND TO 112,11768,Northport,"TUE,WED,THU,FRI"
LONG ISLAND TO 112,11769,"Oakdale,","TUE,WED,THU,FRI"
LONG ISLAND TO 112,11770,Ocean Beach,"TUE,WED,THU,FRI"
LONG ISLAND TO 112,11572,Oceanside,"TUE,WED,THU,FRI"
LONG ISLAND TO 112,11804,Old Bethpage,"TUE,WED,THU,FRI"
LONG ISLAND TO 112,11568,Old Westbury,"TUE,WED,THU,FRI"
LONG ISLAND TO 112,11771,Oyster Bay,"TUE,WED,THU,FRI"
LONG ISLAND TO 112,11728,Patchogue,"TUE,WED,THU,FRI"
LONG ISLAND TO 112,11772,Patchogue,"TUE,WED,THU,FRI"
LONG ISLAND TO 112,11803,Plainview,"TUE,WED,THU,FRI"
LONG ISLAND TO 112,11569,Point Lookout,"TUE,WED,THU,FRI"
LONG ISLAND TO 112,11776,PORT JEFF STA,"TUE,WED,THU,FRI"
LONG ISLAND TO 112,11777,PORT JEFF STA,"TUE,WED,THU,FRI"
LONG ISLAND TO 112,11050,Port Washington,"TUE,WED,THU,FRI"
LONG ISLAND TO 112,11303,Queensbury,"TUE,WED,THU,FRI"
LONG ISLAND TO 112,11592,Rockville Center,"TUE,WED,THU,FRI"
LONG ISLAND TO 112,11570,Rockville Centre,"TUE,WED,THU,FRI"
LONG ISLAND TO 112,11571,Rockville Centre,"TUE,WED,THU,FRI"
LONG ISLAND TO 112,11779,Ronkonkoma,"TUE,WED,THU,FRI"
LONG ISLAND TO 112,11576,Roslyn,"TUE,WED,THU,FRI"
LONG ISLAND TO 112,11577,Roslyn Heights,"TUE,WED,THU,FRI"
LONG ISLAND TO 112,11780,Saint James,"TUE,WED,THU,FRI"
LONG ISLAND TO 112,11782,Sayville,"TUE,WED,THU,FRI"
LONG ISLAND TO 112,11579,Sea Cliff,"TUE,WED,THU,FRI"
LONG ISLAND TO 112,11783,Seaford,"TUE,WED,THU,FRI"
LONG ISLAND TO 112,11784,Selden,"TUE,WED,THU,FRI"
LONG ISLAND TO 112,11745,Smithtown,"TUE,WED,THU,FRI"
LONG ISLAND TO 112,11787,Smithtown,"TUE,WED,THU,FRI"
LONG ISLAND TO 112,11746,South Huntington,"TUE,WED,THU,FRI"
LONG ISLAND TO 112,11799,Stockholm,"TUE,WED,THU,FRI"
LONG ISLAND TO 112,11790,Stony Brook,"TUE,WED,THU,FRI"
LONG ISLAND TO 112,11974,Stony Brook,"TUE,WED,THU,FRI"
LONG ISLAND TO 112,11794,"Stony Brook,","TUE,WED,THU,FRI"
LONG ISLAND TO 112,11773,Syosset,"TUE,WED,THU,FRI"
LONG ISLAND TO 112,11791,Syosset,"TUE,WED,THU,FRI"
LONG ISLAND TO 112,11553,Uniondale,"TUE,WED,THU,FRI"
LONG ISLAND TO 112,11003,N VALLEY STREAM,"TUE,WED,THU,FRI"
LONG ISLAND TO 112,11580,Valley Stream,"TUE,WED,THU,FRI"
LONG ISLAND TO 112,11581,Valley Stream,"TUE,WED,THU,FRI"
LONG ISLAND TO 112,11793,Wantagh,"TUE,WED,THU,FRI"
LONG ISLAND TO 112,11704,West Babylon,"TUE,WED,THU,FRI"
LONG ISLAND TO 112,11707,West Babylon,"TUE,WED,THU,FRI"
LONG ISLAND TO 112,11552,West Hempstead,"TUE,WED,THU,FRI"
LONG ISLAND TO 112,11795,West Islip,"TUE,WED,THU,FRI"
LONG ISLAND TO 112,11796,West Sayville,"TUE,WED,THU,FRI"
LONG ISLAND TO 112,11590,Westbury,"TUE,WED,THU,FRI"
LONG ISLAND TO 112,11596,Williston Park,"TUE,WED,THU,FRI"
LONG ISLAND TO 112,11797,Woodbury,"TUE,WED,THU,FRI"
LONG ISLAND TO 112,11598,Woodmere,"TUE,WED,THU,FRI"
LONG ISLAND TO 112,11798,Wyandanch,"TUE,WED,THU,FRI"
MANHATTAN,10000,MANHATTAN,"MON,TUE,WED,THU,FRI"
MANHATTAN,10001,MANHATTAN,"MON,TUE,WED,THU,FRI"
MANHATTAN,10002,MANHATTAN,"MON,TUE,WED,THU,FRI"
MANHATTAN,10003,MANHATTAN,"MON,TUE,WED,THU,FRI"
MANHATTAN,10004,MANHATTAN,"MON,TUE,WED,THU,FRI"
MANHATTAN,10005,MANHATTAN,"MON,TUE,WED,THU,FRI"
MANHATTAN,10006,MANHATTAN,"MON,TUE,WED,THU,FRI"
MANHATTAN,10007,MANHATTAN,"MON,TUE,WED,THU,FRI"
MANHATTAN,10008,MANHATTAN,"MON,TUE,WED,THU,FRI"
MANHATTAN,10009,MANHATTAN,"MON,TUE,WED,THU,FRI"
MANHATTAN,10010,MANHATTAN,"MON,TUE,WED,THU,FRI"
MANHATTAN,10011,MANHATTAN,"MON,TUE,WED,THU,FRI"
MANHATTAN,10012,MANHATTAN,"MON,TUE,WED,THU,FRI"
MANHATTAN,10013,MANHATTAN,"MON,TUE,WED,THU,FRI"
MANHATTAN,10014,MANHATTAN,"MON,TUE,WED,THU,FRI"
MANHATTAN,10015,MANHATTAN,"MON,TUE,WED,THU,FRI"
MANHATTAN,10016,MANHATTAN,"MON,TUE,WED,THU,FRI"
MANHATTAN,10017,MANHATTAN,"MON,TUE,WED,THU,FRI"
MANHATTAN,10018,MANHATTAN,"MON,TUE,WED,THU,FRI"
MANHATTAN,10019,MANHATTAN,"MON,TUE,WED,THU,FRI"
MANHATTAN,10020,MANHATTAN,"MON,TUE,WED,THU,FRI"
MANHATTAN,10021,MANHATTAN,"MON,TUE,WED,THU,FRI"
MANHATTAN,10022,MANHATTAN,"MON,TUE,WED,THU,FRI"
MANHATTAN,10023,MANHATTAN,"MON,TUE,WED,THU,FRI"
MANHATTAN,10024,MANHATTAN,"MON,TUE,WED,THU,FRI"
MANHATTAN,10025,MANHATTAN,"MON,TUE,WED,THU,FRI"
MANHATTAN,10026,MANHATTAN,"MON,TUE,WED,THU,FRI"
MANHATTAN,10027,MANHATTAN,"MON,TUE,WED,THU,FRI"
MANHATTAN,10028,MANHATTAN,"MON,TUE,WED,THU,FRI"
MANHATTAN,10029,MANHATTAN,"MON,TUE,WED,THU,FRI"
MANHATTAN,10030,MANHATTAN,"MON,TUE,WED,THU,FRI"
MANHATTAN,10031,MANHATTAN,"MON,TUE,WED,THU,FRI"
MANHATTAN,10032,MANHATTAN,"MON,TUE,WED,THU,FRI"
MANHATTAN,10033,MANHATTAN,"MON,TUE,WED,THU,FRI"
MANHATTAN,10034,MANHATTAN,"MON,TUE,WED,THU,FRI"
MANHATTAN,10035,MANHATTAN,"MON,TUE,WED,THU,FRI"
MANHATTAN,10036,MANHATTAN,"MON,TUE,WED,THU,FRI"
MANHATTAN,10037,MANHATTAN,"MON,TUE,WED,THU,FRI"
MANHATTAN,10038,MANHATTAN,"MON,TUE,WED,THU,FRI"
MANHATTAN,10039,MANHATTAN,"MON,TUE,WED,THU,FRI"
MANHATTAN,10040,MANHATTAN,"MON,TUE,WED,THU,FRI"
MANHATTAN,10041,MANHATTAN,"MON,TUE,WED,THU,FRI"
MANHATTAN,10044,MANHATTAN,"MON,TUE,WED,THU,FRI"
MANHATTAN,10048,MANHATTAN,"MON,TUE,WED,THU,FRI"
MANHATTAN,10053,MANHATTAN,"MON,TUE,WED,THU,FRI"
MANHATTAN,10055,MANHATTAN,"MON,TUE,WED,THU,FRI"
MANHATTAN,10058,MANHATTAN,"MON,TUE,WED,THU,FRI"
MANHATTAN,10065,MANHATTAN,"MON,TUE,WED,THU,FRI"
MANHATTAN,10069,MANHATTAN,"MON,TUE,WED,THU,FRI"
MANHATTAN,10072,MANHATTAN,"MON,TUE,WED,THU,FRI"
MANHATTAN,10075,MANHATTAN,"MON,TUE,WED,THU,FRI"
MANHATTAN,10076,MANHATTAN,"MON,TUE,WED,THU,FRI"
MANHATTAN,10079,MANHATTAN,"MON,TUE,WED,THU,FRI"
MANHATTAN,10090,MANHATTAN,"MON,TUE,WED,THU,FRI"
MANHATTAN,10101,MANHATTAN,"MON,TUE,WED,THU,FRI"
MANHATTAN,10103,MANHATTAN,"MON,TUE,WED,THU,FRI"
MANHATTAN,10104,MANHATTAN,"MON,TUE,WED,THU,FRI"
MANHATTAN,10105,MANHATTAN,"MON,TUE,WED,THU,FRI"
MANHATTAN,10106,MANHATTAN,"MON,TUE,WED,THU,FRI"
MANHATTAN,10107,MANHATTAN,"MON,TUE,WED,THU,FRI"
MANHATTAN,10110,MANHATTAN,"MON,TUE,WED,THU,FRI"
MANHATTAN,10111,MANHATTAN,"MON,TUE,WED,THU,FRI"
MANHATTAN,10112,MANHATTAN,"MON,TUE,WED,THU,FRI"
MANHATTAN,10114,MANHATTAN,"MON,TUE,WED,THU,FRI"
MANHATTAN,10115,MANHATTAN,"MON,TUE,WED,THU,FRI"
MANHATTAN,10116,MANHATTAN,"MON,TUE,WED,THU,FRI"
MANHATTAN,10118,MANHATTAN,"MON,TUE,WED,THU,FRI"
MANHATTAN,10119,MANHATTAN,"MON,TUE,WED,THU,FRI"
MANHATTAN,10121,MANHATTAN,"MON,TUE,WED,THU,FRI"
MANHATTAN,10122,MANHATTAN,"MON,TUE,WED,THU,FRI"
MANHATTAN,10123,MANHATTAN,"MON,TUE,WED,THU,FRI"
MANHATTAN,10126,MANHATTAN,"MON,TUE,WED,THU,FRI"
MANHATTAN,10128,MANHATTAN,"MON,TUE,WED,THU,FRI"
MANHATTAN,10151,MANHATTAN,"MON,TUE,WED,THU,FRI"
MANHATTAN,10152,MANHATTAN,"MON,TUE,WED,THU,FRI"
MANHATTAN,10153,MANHATTAN,"MON,TUE,WED,THU,FRI"
MANHATTAN,10154,MANHATTAN,"MON,TUE,WED,THU,FRI"
MANHATTAN,10155,MANHATTAN,"MON,TUE,WED,THU,FRI"
MANHATTAN,10162,MANHATTAN,"MON,TUE,WED,THU,FRI"
MANHATTAN,10163,MANHATTAN,"MON,TUE,WED,THU,FRI"
MANHATTAN,10165,MANHATTAN,"MON,TUE,WED,THU,FRI"
MANHATTAN,10166,MANHATTAN,"MON,TUE,WED,THU,FRI"
MANHATTAN,10167,MANHATTAN,"MON,TUE,WED,THU,FRI"
MANHATTAN,10168,MANHATTAN,"MON,TUE,WED,THU,FRI"
MANHATTAN,10169,MANHATTAN,"MON,TUE,WED,THU,FRI"
MANHATTAN,10170,MANHATTAN,"MON,TUE,WED,THU,FRI"
MANHATTAN,10171,MANHATTAN,"MON,TUE,WED,THU,FRI"
MANHATTAN,10172,MANHATTAN,"MON,TUE,WED,THU,FRI"
MANHATTAN,10173,MANHATTAN,"MON,TUE,WED,THU,FRI"
MANHATTAN,10174,MANHATTAN,"MON,TUE,WED,THU,FRI"
MANHATTAN,10175,MANHATTAN,"MON,TUE,WED,THU,FRI"
MANHATTAN,10176,MANHATTAN,"MON,TUE,WED,THU,FRI"
MANHATTAN,10177,MANHATTAN,"MON,TUE,WED,THU,FRI"
MANHATTAN,10178,MANHATTAN,"MON,TUE,WED,THU,FRI"
MANHATTAN,10199,MANHATTAN,"MON,TUE,WED,THU,FRI"
MANHATTAN,10271,MANHATTAN,"MON,TUE,WED,THU,FRI"
MANHATTAN,10278,MANHATTAN,"MON,TUE,WED,THU,FRI"
MANHATTAN,10279,MANHATTAN,"MON,TUE,WED,THU,FRI"
MANHATTAN,10280,MANHATTAN,"MON,TUE,WED,THU,FRI"
MANHATTAN,10281,MANHATTAN,"MON,TUE,WED,THU,FRI"
MANHATTAN,10282,MANHATTAN,"MON,TUE,WED,THU,FRI"
MANHATTAN,10286,MANHATTAN,"MON,TUE,WED,THU,FRI"
MANHATTAN,10289,MANHATTAN,"MON,TUE,WED,THU,FRI"
MANHATTAN,10290,MANHATTAN,"MON,TUE,WED,THU,FRI"
MID-HUDSON,10509,Brewster,"TUE, FRI"
MID-HUDSON,10512,Carmel,"TUE, FRI"
MID-HUDSON,10516,Cold Spring,"TUE, FRI"
MID-HUDSON,10524,Garrison,"TUE, FRI"
MID-HUDSON,10579,Putnam Valley,"TUE, FRI"
MID-HUDSON,10974,Sloatsburg,"TUE, FRI"
NORTH JERSEY,07820,Allamuchy Township,"TUE, WED, FRI"
NORTH JERSEY,07401,Allendale,"TUE, WED, FRI"
NORTH JERSEY,08865,Alpha,"TUE, WED, FRI"
NORTH JERSEY,07620,Alpine,"TUE, WED, FRI"
NORTH JERSEY,07821,"Andover,","TUE, WED, FRI"
NORTH JERSEY,08801,Annandale,"TUE, WED, FRI"
NORTH JERSEY,08802,"Asbury,","TUE, WED, FRI"
NORTH JERSEY,07002,Bayonne,"TUE, WED, FRI"
NORTH JERSEY,07109,Belleville,"TUE, WED, FRI"
NORTH JERSEY,07823,Belvidere,"TUE, WED, FRI"
NORTH JERSEY,07621,Bergenfield,"TUE, WED, FRI"
NORTH JERSEY,07825,Blairstown,"TUE, WED, FRI"
NORTH JERSEY,07003,"Bloomfield,","TUE, WED, FRI"
NORTH JERSEY,07403,Bloomingdale,"TUE, WED, FRI"
NORTH JERSEY,07603,Bogota,"TUE, WED, FRI"
NORTH JERSEY,07005,Boonton,"TUE, WED, FRI"
NORTH JERSEY,07826,Branchville,"TUE, WED, FRI"
NORTH JERSEY,08808,Broadway,"TUE, WED, FRI"
NORTH JERSEY,07828,Budd Lake,"TUE, WED, FRI"
NORTH JERSEY,07405,Butler,"TUE, WED, FRI"
NORTH JERSEY,07007,Caldwell,"TUE, WED, FRI"
NORTH JERSEY,07072,Carlstadt,"TUE, WED, FRI"
NORTH JERSEY,07009,Cedar Grove,"TUE, WED, FRI"
NORTH JERSEY,07927,Cedar Knolls,"TUE, WED, FRI"
NORTH JERSEY,07930,Chester,"TUE, WED, FRI"
NORTH JERSEY,07010,Cliffside Park,"TUE, WED, FRI"
NORTH JERSEY,07011,Clifton,"TUE, WED, FRI"
NORTH JERSEY,07012,Clifton,"TUE, WED, FRI"
NORTH JERSEY,07013,Clifton,"TUE, WED, FRI"
NORTH JERSEY,07014,Clifton,"TUE, WED, FRI"
NORTH JERSEY,07624,Closter,"TUE, WED, FRI"
NORTH JERSEY,07626,Cresskill,"TUE, WED, FRI"
NORTH JERSEY,07833,Deleware,"TUE, WED, FRI"
NORTH JERSEY,07627,Demarest,"TUE, WED, FRI"
NORTH JERSEY,07834,Denville,"TUE, WED, FRI"
NORTH JERSEY,07801,Dover,"TUE, WED, FRI"
NORTH JERSEY,07869,"Dover,","TUE, WED, FRI"
NORTH JERSEY,07628,"Dumont,","TUE, WED, FRI"
NORTH JERSEY,07073,East Rutherford,"TUE, WED, FRI"
NORTH JERSEY,07020,Edgewater,"TUE, WED, FRI"
NORTH JERSEY,07407,Elmwood Park,"TUE, WED, FRI"
NORTH JERSEY,07630,Emerson,"TUE, WED, FRI"
NORTH JERSEY,07631,Englewood,"TUE, WED, FRI"
NORTH JERSEY,07632,Englewood,"TUE, WED, FRI"
NORTH JERSEY,07021,Essex Fells,"TUE, WED, FRI"
NORTH JERSEY,07410,Fair Lawn,"TUE, WED, FRI"
NORTH JERSEY,07004,Fairfield,"TUE, WED, FRI"
NORTH JERSEY,07022,Fairview,"TUE, WED, FRI"
NORTH JERSEY,07024,Fort Lee,"TUE, WED, FRI"
NORTH JERSEY,07417,Franklin Lakes,"TUE, WED, FRI"
NORTH JERSEY,07416,"Franklin,","TUE, WED, FRI"
NORTH JERSEY,07026,Garfield,"TUE, WED, FRI"
NORTH JERSEY,07028,Glen Ridge,"TUE, WED, FRI"
NORTH JERSEY,07452,Glen Rock,"TUE, WED, FRI"
NORTH JERSEY,07418,Glenwood,"TUE, WED, FRI"
NORTH JERSEY,07601,Hackensack,"TUE, WED, FRI"
NORTH JERSEY,07840,"Hackettstown,","TUE, WED, FRI"
NORTH JERSEY,07419,Hamburg,"TUE, WED, FRI"
NORTH JERSEY,07832,Hardwick,"TUE, WED, FRI"
NORTH JERSEY,07640,Harrington Park,"TUE, WED, FRI"
NORTH JERSEY,07604,Hasbrouck Heights,"TUE, WED, FRI"
NORTH JERSEY,07420,Haskell,"TUE, WED, FRI"
NORTH JERSEY,07641,Haworth,"TUE, WED, FRI"
NORTH JERSEY,07506,Hawthorne,"TUE, WED, FRI"
NORTH JERSEY,07507,Hawthorne,"TUE, WED, FRI"
NORTH JERSEY,07421,"Hewitt,","TUE, WED, FRI"
NORTH JERSEY,07842,Hibernia,"TUE, WED, FRI"
NORTH JERSEY,07642,Hillsdale,"TUE, WED, FRI"
NORTH JERSEY,07030,Hoboken,"TUE, WED, FRI"
NORTH JERSEY,07423,Ho‐Ho‐Kus,"TUE, WED, FRI"
NORTH JERSEY,07843,"Hopatcong,","TUE, WED, FRI"
NORTH JERSEY,07844,Hope,"TUE, WED, FRI"
NORTH JERSEY,07032,Jersey City,"TUE, WED, FRI"
NORTH JERSEY,07302,Jersey City,"TUE, WED, FRI"
NORTH JERSEY,07303,Jersey City,"TUE, WED, FRI"
NORTH JERSEY,07304,Jersey City,"TUE, WED, FRI"
NORTH JERSEY,07305,Jersey City,"TUE, WED, FRI"
NORTH JERSEY,07306,Jersey City,"TUE, WED, FRI"
NORTH JERSEY,07307,Jersey City,"TUE, WED, FRI"
NORTH JERSEY,07310,Jersey City,"TUE, WED, FRI"
NORTH JERSEY,07311,Jersey City,"TUE, WED, FRI"
NORTH JERSEY,07846,Johnsonburg,"TUE, WED, FRI"
NORTH JERSEY,07847,Kenvil,"TUE, WED, FRI"
NORTH JERSEY,07848,Lafayette Township,"TUE, WED, FRI"
NORTH JERSEY,07034,Lake Hiawatha,"TUE, WED, FRI"
NORTH JERSEY,07849,"Lake Hopatcong,","TUE, WED, FRI"
NORTH JERSEY,07850,Landing,"TUE, WED, FRI"
NORTH JERSEY,07852,"Ledgewood,","TUE, WED, FRI"
NORTH JERSEY,07605,Leonia,"TUE, WED, FRI"
NORTH JERSEY,07838,Liberty,"TUE, WED, FRI"
NORTH JERSEY,07035,Lincoln Park,"TUE, WED, FRI"
NORTH JERSEY,07643,Little Ferry,"TUE, WED, FRI"
NORTH JERSEY,07039,Livingston,"TUE, WED, FRI"
NORTH JERSEY,07644,Lodi,"TUE, WED, FRI"
NORTH JERSEY,07853,Long Valley,"TUE, WED, FRI"
NORTH JERSEY,07071,Lyndhurst,"TUE, WED, FRI"
NORTH JERSEY,07430,Mahwah,"TUE, WED, FRI"
NORTH JERSEY,08022,Mansfield,"TUE, WED, FRI"
NORTH JERSEY,07607,Maywood,"TUE, WED, FRI"
NORTH JERSEY,07428,McAfee,"TUE, WED, FRI"
NORTH JERSEY,07945,"Mendham,","TUE, WED, FRI"
NORTH JERSEY,07855,"Middleville,","TUE, WED, FRI"
NORTH JERSEY,07432,Midland Park,"TUE, WED, FRI"
NORTH JERSEY,07042,Montclair,"TUE, WED, FRI"
NORTH JERSEY,07645,Montvale,"TUE, WED, FRI"
NORTH JERSEY,07045,Montville,"TUE, WED, FRI"
NORTH JERSEY,07074,Moonachie,"TUE, WED, FRI"
NORTH JERSEY,07950,"Morris Plains,","TUE, WED, FRI"
NORTH JERSEY,07960,Morristown,"TUE, WED, FRI"
NORTH JERSEY,07963,"Morristown,","TUE, WED, FRI"
NORTH JERSEY,07856,"Mount Arlington,","TUE, WED, FRI"
NORTH JERSEY,07970,Mount Freedom,"TUE, WED, FRI"
NORTH JERSEY,07046,Mountain Lakes,"TUE, WED, FRI"
NORTH JERSEY,07857,Netcong,"TUE, WED, FRI"
NORTH JERSEY,07646,New Milford,"TUE, WED, FRI"
NORTH JERSEY,07101,Newark,"TUE, WED, FRI"
NORTH JERSEY,07102,Newark,"TUE, WED, FRI"
NORTH JERSEY,07104,Newark,"TUE, WED, FRI"
NORTH JERSEY,07105,Newark,"TUE, WED, FRI"
NORTH JERSEY,07106,Newark,"TUE, WED, FRI"
NORTH JERSEY,07107,Newark,"TUE, WED, FRI"
NORTH JERSEY,07114,Newark,"TUE, WED, FRI"
NORTH JERSEY,07108,"Newark,","TUE, WED, FRI"
NORTH JERSEY,07860,Newton,"TUE, WED, FRI"
NORTH JERSEY,07031,North Arlington,"TUE, WED, FRI"
NORTH JERSEY,07047,North Bergen,"TUE, WED, FRI"
NORTH JERSEY,07006,North Caldwell,"TUE, WED, FRI"
NORTH JERSEY,07648,Norwood,"TUE, WED, FRI"
NORTH JERSEY,07110,Nutley,"TUE, WED, FRI"
NORTH JERSEY,07438,Oak Ridge,"TUE, WED, FRI"
NORTH JERSEY,07438,"Oak Ridge,","TUE, WED, FRI"
NORTH JERSEY,07436,Oakland,"TUE, WED, FRI"
NORTH JERSEY,07649,"Oradell,","TUE, WED, FRI"
NORTH JERSEY,07863,Oxford,"TUE, WED, FRI"
NORTH JERSEY,07650,Palisades Park,"TUE, WED, FRI"
NORTH JERSEY,07652,Paramus,"TUE, WED, FRI"
NORTH JERSEY,07653,Paramus,"TUE, WED, FRI"
NORTH JERSEY,07656,"Park Ridge,","TUE, WED, FRI"
NORTH JERSEY,07054,Parsippany,"TUE, WED, FRI"
NORTH JERSEY,07055,Passaic,"TUE, WED, FRI"
NORTH JERSEY,07501,Paterson,"TUE, WED, FRI"
NORTH JERSEY,07502,Paterson,"TUE, WED, FRI"
NORTH JERSEY,07503,Paterson,"TUE, WED, FRI"
NORTH JERSEY,07504,Paterson,"TUE, WED, FRI"
NORTH JERSEY,07508,Paterson,"TUE, WED, FRI"
NORTH JERSEY,07513,Paterson,"TUE, WED, FRI"
NORTH JERSEY,07514,Paterson,"TUE, WED, FRI"
NORTH JERSEY,07543,Paterson,"TUE, WED, FRI"
NORTH JERSEY,07512,"Paterson,","TUE, WED, FRI"
NORTH JERSEY,07522,"Paterson,","TUE, WED, FRI"
NORTH JERSEY,07442,Pompton Lakes,"TUE, WED, FRI"
NORTH JERSEY,07444,Pompton Plains,"TUE, WED, FRI"
NORTH JERSEY,07865,Port Murray,"TUE, WED, FRI"
NORTH JERSEY,07446,"Ramsey,","TUE, WED, FRI"
NORTH JERSEY,07657,Ridgefield,"TUE, WED, FRI"
NORTH JERSEY,07660,Ridgefield Park,"TUE, WED, FRI"
NORTH JERSEY,07450,Ridgewood,"TUE, WED, FRI"
NORTH JERSEY,07451,Ridgewood,"TUE, WED, FRI"
NORTH JERSEY,07456,Ringwood,"TUE, WED, FRI"
NORTH JERSEY,07661,River Edge,"TUE, WED, FRI"
NORTH JERSEY,07457,Riverdale,"TUE, WED, FRI"
NORTH JERSEY,07675,"Rivervale,","TUE, WED, FRI"
NORTH JERSEY,07662,Rochelle Park,"TUE, WED, FRI"
NORTH JERSEY,07866,"Rockaway,","TUE, WED, FRI"
NORTH JERSEY,07647,Rockleigh,"TUE, WED, FRI"
NORTH JERSEY,07068,Roseland,"TUE, WED, FRI"
NORTH JERSEY,07836,Roxbury Township,"TUE, WED, FRI"
NORTH JERSEY,07070,Rutherford,"TUE, WED, FRI"
NORTH JERSEY,07663,Saddle Brook,"TUE, WED, FRI"
NORTH JERSEY,07458,"Saddle River,","TUE, WED, FRI"
NORTH JERSEY,07827,Sandyston,"TUE, WED, FRI"
NORTH JERSEY,07094,Secaucus,"TUE, WED, FRI"
NORTH JERSEY,07078,Short Hills,"TUE, WED, FRI"
NORTH JERSEY,07606,South Hackensack,"TUE, WED, FRI"
NORTH JERSEY,07871,"Sparta,","TUE, WED, FRI"
NORTH JERSEY,07874,Stanhope,"TUE, WED, FRI"
NORTH JERSEY,08886,Stewartsville,"TUE, WED, FRI"
NORTH JERSEY,07876,Succasunna,"TUE, WED, FRI"
NORTH JERSEY,07461,Sussex,"TUE, WED, FRI"
NORTH JERSEY,07666,Teaneck,"TUE, WED, FRI"
NORTH JERSEY,07670,Tenafly,"TUE, WED, FRI"
NORTH JERSEY,07608,Teterboro,"TUE, WED, FRI"
NORTH JERSEY,07082,Towaco,"TUE, WED, FRI"
NORTH JERSEY,07676,Township of Washington,"TUE, WED, FRI"
NORTH JERSEY,07879,"Tranquility,","TUE, WED, FRI"
NORTH JERSEY,07087,Union City,"TUE, WED, FRI"
NORTH JERSEY,07043,Upper Montclair,"TUE, WED, FRI"
NORTH JERSEY,07462,Vernon Township,"TUE, WED, FRI"
NORTH JERSEY,07044,Verona,"TUE, WED, FRI"
NORTH JERSEY,07880,Vienna,"TUE, WED, FRI"
NORTH JERSEY,07463,Waldwick,"TUE, WED, FRI"
NORTH JERSEY,07057,Wallington,"TUE, WED, FRI"
NORTH JERSEY,07465,Wanaque,"TUE, WED, FRI"
NORTH JERSEY,07882,"Washington,","TUE, WED, FRI"
NORTH JERSEY,07470,Wayne,"TUE, WED, FRI"
NORTH JERSEY,07086,Weehawken,"TUE, WED, FRI"
NORTH JERSEY,07480,"West Milford,","TUE, WED, FRI"
NORTH JERSEY,07093,West New York,"TUE, WED, FRI"
NORTH JERSEY,07677,"Westwood,","TUE, WED, FRI"
NORTH JERSEY,07885,Wharton,"TUE, WED, FRI"
NORTH JERSEY,07981,Whippany,"TUE, WED, FRI"
NORTH JERSEY,07829,White Township,"TUE, WED, FRI"
NORTH JERSEY,07075,Wood Ridge,"TUE, WED, FRI"
NORTH JERSEY,07424,Woodland Park,"TUE, WED, FRI"
NORTH JERSEY,08562,Wrightstown,"TUE, WED, FRI"
NORTH JERSEY,07481,Wyckoff,"TUE, WED, FRI"
NORTH JERSEY,07928,Chatham,"TUE, WED, FRI"
NORTH JERSEY,07932,Florham Park,"TUE, WED, FRI"
NORTH JERSEY,07940,Madison,"TUE, WED, FRI"
SOUTH JERSEY,07747,Aberdeen Township,"TUE,WED,THU,FRI"
SOUTH JERSEY,07710,Adelphia,"TUE,WED,THU,FRI"
SOUTH JERSEY,07711,Allenhurst,"TUE,WED,THU,FRI"
SOUTH JERSEY,08501,Allentown,"TUE,WED,THU,FRI"
SOUTH JERSEY,07716,Atlantic Highlands,"TUE,WED,THU,FRI"
SOUTH JERSEY,08721,Bayville,"TUE,WED,THU,FRI"
SOUTH JERSEY,08722,Beachwood,"TUE,WED,THU,FRI"
SOUTH JERSEY,07718,Belford,"TUE,WED,THU,FRI"
SOUTH JERSEY,07720,Bradley Beach,"TUE,WED,THU,FRI"
SOUTH JERSEY,08730,"Brielle,","TUE,WED,THU,FRI"
SOUTH JERSEY,07721,Colts Neck,"TUE,WED,THU,FRI"
SOUTH JERSEY,07722,Colts Neck,"TUE,WED,THU,FRI"
SOUTH JERSEY,08514,Cream Ridge,"TUE,WED,THU,FRI"
SOUTH JERSEY,07723,Deal,"TUE,WED,THU,FRI"
SOUTH JERSEY,07726,Englishtown,"TUE,WED,THU,FRI"
SOUTH JERSEY,07728,Freehold,"TUE,WED,THU,FRI"
SOUTH JERSEY,07730,Hazlet,"TUE,WED,THU,FRI"
SOUTH JERSEY,07733,Holmdel,"TUE,WED,THU,FRI"
SOUTH JERSEY,07731,Howell Township,"TUE,WED,THU,FRI"
SOUTH JERSEY,07712,Interlaken,"TUE,WED,THU,FRI"
SOUTH JERSEY,08527,Jackson Township,"TUE,WED,THU,FRI"
SOUTH JERSEY,07734,Keansburg,"TUE,WED,THU,FRI"
SOUTH JERSEY,07719,Lake Como,"TUE,WED,THU,FRI"
SOUTH JERSEY,08733,"Lakehurst,","TUE,WED,THU,FRI"
SOUTH JERSEY,08701,"Lakewood,","TUE,WED,THU,FRI"
SOUTH JERSEY,07738,"Lincroft,","TUE,WED,THU,FRI"
SOUTH JERSEY,07739,Little Silver,"TUE,WED,THU,FRI"
SOUTH JERSEY,07760,Locust,"TUE,WED,THU,FRI"
SOUTH JERSEY,07740,Long Branch,"TUE,WED,THU,FRI"
SOUTH JERSEY,08736,Manasquan,"TUE,WED,THU,FRI"
SOUTH JERSEY,08759,Manchester,"TUE,WED,THU,FRI"
SOUTH JERSEY,07746,Marlboro Township,"TUE,WED,THU,FRI"
SOUTH JERSEY,08510,Millstone,"TUE,WED,THU,FRI"
SOUTH JERSEY,08535,Millstone,"TUE,WED,THU,FRI"
SOUTH JERSEY,07750,Monmouth Beach,"TUE,WED,THU,FRI"
SOUTH JERSEY,07751,Morganville,"TUE,WED,THU,FRI"
SOUTH JERSEY,07752,Navesink,"TUE,WED,THU,FRI"
SOUTH JERSEY,07748,New Monmouth,"TUE,WED,THU,FRI"
SOUTH JERSEY,07755,Oakhurst,"TUE,WED,THU,FRI"
SOUTH JERSEY,07756,Ocean Grove,"TUE,WED,THU,FRI"
SOUTH JERSEY,08723,OSBORNVILLE,"TUE,WED,THU,FRI"
SOUTH JERSEY,08742,Point Pleasant,"TUE,WED,THU,FRI"
SOUTH JERSEY,07701,Red Bank,"TUE,WED,THU,FRI"
SOUTH JERSEY,07702,Red Bank,"TUE,WED,THU,FRI"
SOUTH JERSEY,07704,Red Bank,"TUE,WED,THU,FRI"
SOUTH JERSEY,07760,Rumson,"TUE,WED,THU,FRI"
SOUTH JERSEY,07732,Sandy Hook,"TUE,WED,THU,FRI"
SOUTH JERSEY,08750,Sea Girt,"TUE,WED,THU,FRI"
SOUTH JERSEY,08751,Seaside Heights,"TUE,WED,THU,FRI"
SOUTH JERSEY,08752,Seaside Park,"TUE,WED,THU,FRI"
SOUTH JERSEY,07762,Spring Lake,"TUE,WED,THU,FRI"
SOUTH JERSEY,07724,Tinton Falls,"TUE,WED,THU,FRI"
SOUTH JERSEY,08753,Toms River,"TUE,WED,THU,FRI"
SOUTH JERSEY,08754,Toms River,"TUE,WED,THU,FRI"
SOUTH JERSEY,08755,Toms River,"TUE,WED,THU,FRI"
SOUTH JERSEY,07735,Union Beach,"TUE,WED,THU,FRI"
SOUTH JERSEY,07727,Wall Township,"TUE,WED,THU,FRI"
SOUTH JERSEY,07753,Wall Township,"TUE,WED,THU,FRI"
SOUTH JERSEY,07764,West Long Branch,"TUE,WED,THU,FRI"
SOUTH WEST JERSEY,08106,"Audubon,","WED, FRI"
SOUTH WEST JERSEY,08007,Barrington,"WED, FRI"
SOUTH WEST JERSEY,08031,Bellmawr,"WED, FRI"
SOUTH WEST JERSEY,08091,Berlin Township,"WED, FRI"
SOUTH WEST JERSEY,08009,"Berlin,","WED, FRI"
SOUTH WEST JERSEY,08010,"Beverly,","WED, FRI"
SOUTH WEST JERSEY,08012,Blackwood,"WED, FRI"
SOUTH WEST JERSEY,08096,Blackwood Terrace,"WED, FRI"
SOUTH WEST JERSEY,08014,Bridgeport,"WED, FRI"
SOUTH WEST JERSEY,08302,Bridgeton,"WED, FRI"
SOUTH WEST JERSEY,08015,Browns Mills,"WED, FRI"
SOUTH WEST JERSEY,08016,Burlington,"WED, FRI"
SOUTH WEST JERSEY,08101,Camden,"WED, FRI"
SOUTH WEST JERSEY,08102,Camden,"WED, FRI"
SOUTH WEST JERSEY,08105,Camden,"WED, FRI"
SOUTH WEST JERSEY,08018,"Cedar Brook,","WED, FRI"
SOUTH WEST JERSEY,08002,"Cherry Hill,","WED, FRI"
SOUTH WEST JERSEY,08003,"Cherry Hill,","WED, FRI"
SOUTH WEST JERSEY,08034,"Cherry Hill,","WED, FRI"
SOUTH WEST JERSEY,08020,"Clarksboro,","WED, FRI"
SOUTH WEST JERSEY,08312,Clayton,"WED, FRI"
SOUTH WEST JERSEY,08022,Columbus,"WED, FRI"
SOUTH WEST JERSEY,08110,Delair,"WED, FRI"
SOUTH WEST JERSEY,08075,"Delanco,","WED, FRI"
SOUTH WEST JERSEY,08060,EASTAMPTN Township,"WED, FRI"
SOUTH WEST JERSEY,08081,Erial,"WED, FRI"
SOUTH WEST JERSEY,08505,"Fieldsboro,","WED, FRI"
SOUTH WEST JERSEY,08518,"Florence,","WED, FRI"
SOUTH WEST JERSEY,08322,"Franklinville,","WED, FRI"
SOUTH WEST JERSEY,08026,Gibbsboro,"WED, FRI"
SOUTH WEST JERSEY,08027,Gibbstown,"WED, FRI"
SOUTH WEST JERSEY,08028,Glassboro,"WED, FRI"
SOUTH WEST JERSEY,08029,"Glendora,","WED, FRI"
SOUTH WEST JERSEY,08030,Gloucester City,"WED, FRI"
SOUTH WEST JERSEY,08035,Haddon Heights,"WED, FRI"
SOUTH WEST JERSEY,08104,Haddon Township,"WED, FRI"
SOUTH WEST JERSEY,08033,Haddonfield,"WED, FRI"
SOUTH WEST JERSEY,08036,Hainesport,"WED, FRI"
SOUTH WEST JERSEY,08083,Hi-Nella,"WED, FRI"
SOUTH WEST JERSEY,08045,"Lawnside,","WED, FRI"
SOUTH WEST JERSEY,08021,"Lindenwold,","WED, FRI"
SOUTH WEST JERSEY,08048,Lumberton,"WED, FRI"
SOUTH WEST JERSEY,08049,Magnolia,"WED, FRI"
SOUTH WEST JERSEY,08052,Maple Shade Township,"WED, FRI"
SOUTH WEST JERSEY,08053,Marlton,"WED, FRI"
SOUTH WEST JERSEY,08055,Medford Lakes,"WED, FRI"
SOUTH WEST JERSEY,08109,Merchantville,"WED, FRI"
SOUTH WEST JERSEY,08332,"Millville,","WED, FRI"
SOUTH WEST JERSEY,08057,"Moorestown,","WED, FRI"
SOUTH WEST JERSEY,08054,Mount Laurel Township,"WED, FRI"
SOUTH WEST JERSEY,08344,"Newfield,","WED, FRI"
SOUTH WEST JERSEY,08515,"Newfield,","WED, FRI"
SOUTH WEST JERSEY,08065,Palmyra,"WED, FRI"
SOUTH WEST JERSEY,08066,Paulsboro,"WED, FRI"
SOUTH WEST JERSEY,08071,Pitman,"WED, FRI"
SOUTH WEST JERSEY,08318,Pittsgrove Township,"WED, FRI"
SOUTH WEST JERSEY,08074,Richwood,"WED, FRI"
SOUTH WEST JERSEY,08077,"Richwood,","WED, FRI"
SOUTH WEST JERSEY,08062,S HARRISN TWP,"WED, FRI"
SOUTH WEST JERSEY,08079,"Salem,","WED, FRI"
SOUTH WEST JERSEY,08080,"Sewell,","WED, FRI"
SOUTH WEST JERSEY,08086,Thorofare,"WED, FRI"
SOUTH WEST JERSEY,08088,Vincentown,"WED, FRI"
SOUTH WEST JERSEY,08361,Vineland,"WED, FRI"
SOUTH WEST JERSEY,08360,"Vineland,","WED, FRI"
SOUTH WEST JERSEY,08043,"Voorhees Township,","WED, FRI"
SOUTH WEST JERSEY,08089,Waterford Works,"WED, FRI"
SOUTH WEST JERSEY,08059,West Collingswood Heights,"WED, FRI"
SOUTH WEST JERSEY,08051,West Deptford,"WED, FRI"
SOUTH WEST JERSEY,08093,"West Deptford,","WED, FRI"
SOUTH WEST JERSEY,08094,Williamstown,"WED, FRI"
SOUTH WEST JERSEY,08046,Willingboro,"WED, FRI"
SOUTH WEST JERSEY,08097,Woodbury Heights,"WED, FRI"
SOUTH WEST JERSEY,08107,Woodlynne,"WED, FRI"
SOUTH WEST JERSEY,08108,Woodlynne,"WED, FRI"
SOUTH WEST JERSEY,08098,Woodstown,"WED, FRI"
SOUTH WEST JERSEY,08085,Woolwich Township,"WED, FRI"
WESTCHESTER,10501,Amawalk,"TUE, THU, FRI"
WESTCHESTER,10502,Ardsley,"TUE, THU, FRI"
WESTCHESTER,10503,Ardsley On Hudson,"TUE, THU, FRI"
WESTCHESTER,10504,Armonk,"TUE, THU, FRI"
WESTCHESTER,10505,Baldwin Place,"TUE, THU, FRI"
WESTCHESTER,10911,Bear Mountain,"TUE, THU, FRI"
WESTCHESTER,10506,Bedford,"TUE, THU, FRI"
WESTCHESTER,10507,Bedford Hills,"TUE, THU, FRI"
WESTCHESTER,10913,Blauvelt,"TUE, THU, FRI"
WESTCHESTER,10510,Briarcliff Manor,"TUE, THU, FRI"
WESTCHESTER,10451,Bronx,"TUE, THU, FRI"
WESTCHESTER,10452,Bronx,"TUE, THU, FRI"
WESTCHESTER,10453,Bronx,"TUE, THU, FRI"
WESTCHESTER,10454,Bronx,"TUE, THU, FRI"
WESTCHESTER,10455,Bronx,"TUE, THU, FRI"
WESTCHESTER,10456,Bronx,"TUE, THU, FRI"
WESTCHESTER,10457,Bronx,"TUE, THU, FRI"
WESTCHESTER,10458,Bronx,"TUE, THU, FRI"
WESTCHESTER,10459,Bronx,"TUE, THU, FRI"
WESTCHESTER,10460,Bronx,"TUE, THU, FRI"
WESTCHESTER,10461,Bronx,"TUE, THU, FRI"
WESTCHESTER,10462,Bronx,"TUE, THU, FRI"
WESTCHESTER,10463,Bronx,"TUE, THU, FRI"
WESTCHESTER,10464,Bronx,"TUE, THU, FRI"
WESTCHESTER,10465,Bronx,"TUE, THU, FRI"
WESTCHESTER,10466,Bronx,"TUE, THU, FRI"
WESTCHESTER,10467,Bronx,"TUE, THU, FRI"
WESTCHESTER,10468,Bronx,"TUE, THU, FRI"
WESTCHESTER,10469,Bronx,"TUE, THU, FRI"
WESTCHESTER,10470,Bronx,"TUE, THU, FRI"
WESTCHESTER,10471,Bronx,"TUE, THU, FRI"
WESTCHESTER,10472,Bronx,"TUE, THU, FRI"
WESTCHESTER,10473,Bronx,"TUE, THU, FRI"
WESTCHESTER,10474,Bronx,"TUE, THU, FRI"
WESTCHESTER,10475,Bronx,"TUE, THU, FRI"
WESTCHESTER,10708,Bronxville,"TUE, THU, FRI"
WESTCHESTER,10511,Buchanan,"TUE, THU, FRI"
WESTCHESTER,10514,Chappaqua,"TUE, THU, FRI"
WESTCHESTER,10920,Congers,"TUE, THU, FRI"
WESTCHESTER,10567,Cortlandt Manor,"TUE, THU, FRI"
WESTCHESTER,10517,Crompond,"TUE, THU, FRI"
WESTCHESTER,10518,Cross River,"TUE, THU, FRI"
WESTCHESTER,10519,Croton Falls,"TUE, THU, FRI"
WESTCHESTER,10520,Croton On Hudson,"TUE, THU, FRI"
WESTCHESTER,10521,Croton On Hudson,"TUE, THU, FRI"
WESTCHESTER,10522,Dobbs Ferry,"TUE, THU, FRI"
WESTCHESTER,10709,Eastchester,"TUE, THU, FRI"
WESTCHESTER,10523,Elmsford,"TUE, THU, FRI"
WESTCHESTER,10923,Garnerville,"TUE, THU, FRI"
WESTCHESTER,10526,Goldens Bridge,"TUE, THU, FRI"
WESTCHESTER,10960,Grandview On Hudson,"TUE, THU, FRI"
WESTCHESTER,10527,Granite Springs,"TUE, THU, FRI"
WESTCHESTER,10697,Greenville,"TUE, THU, FRI"
WESTCHESTER,10528,Harrison,"TUE, THU, FRI"
WESTCHESTER,10530,Hartsdale,"TUE, THU, FRI"
WESTCHESTER,10706,Hastings On Hudson,"TUE, THU, FRI"
WESTCHESTER,10927,Haverstraw,"TUE, THU, FRI"
WESTCHESTER,10532,Hawthorne,"TUE, THU, FRI"
WESTCHESTER,10931,Hillburn,"TUE, THU, FRI"
WESTCHESTER,10533,Irvington,"TUE, THU, FRI"
WESTCHESTER,10535,Jefferson Valley,"TUE, THU, FRI"
WESTCHESTER,10536,Katonah,"TUE, THU, FRI"
WESTCHESTER,10537,Lake Peekskill,"TUE, THU, FRI"
WESTCHESTER,10538,Larchmont,"TUE, THU, FRI"
WESTCHESTER,10540,Lincolndale,"TUE, THU, FRI"
WESTCHESTER,10541,Mahopac,"TUE, THU, FRI"
WESTCHESTER,10542,Mahopac Falls,"TUE, THU, FRI"
WESTCHESTER,10543,Mamaroneck,"TUE, THU, FRI"
WESTCHESTER,10545,Maryknoll,"TUE, THU, FRI"
WESTCHESTER,10546,Millwood,"TUE, THU, FRI"
WESTCHESTER,10547,Mohegan Lake,"TUE, THU, FRI"
WESTCHESTER,10952,Monsey,"TUE, THU, FRI"
WESTCHESTER,10548,Montrose,"TUE, THU, FRI"
WESTCHESTER,10549,Mount Kisco,"TUE, THU, FRI"
WESTCHESTER,10550,Mount Vernon,"TUE, THU, FRI"
WESTCHESTER,10551,Mount Vernon,"TUE, THU, FRI"
WESTCHESTER,10552,Mount Vernon,"TUE, THU, FRI"
WESTCHESTER,10553,Mount Vernon,"TUE, THU, FRI"
WESTCHESTER,10557,Mount Vernon,"TUE, THU, FRI"
WESTCHESTER,10558,Mount Vernon,"TUE, THU, FRI"
WESTCHESTER,10559,Mount Vernon,"TUE, THU, FRI"
WESTCHESTER,10954,Nanuet,"TUE, THU, FRI"
WESTCHESTER,10956,New City,"TUE, THU, FRI"
WESTCHESTER,10801,New Rochelle,"TUE, THU, FRI"
WESTCHESTER,10802,New Rochelle,"TUE, THU, FRI"
WESTCHESTER,10804,New Rochelle,"TUE, THU, FRI"
WESTCHESTER,10805,New Rochelle,"TUE, THU, FRI"
WESTCHESTER,10560,North Salem,"TUE, THU, FRI"
WESTCHESTER,10962,Orangeburg,"TUE, THU, FRI"
WESTCHESTER,10562,Ossining,"TUE, THU, FRI"
WESTCHESTER,10964,Palisades,"TUE, THU, FRI"
WESTCHESTER,10965,Pearl River,"TUE, THU, FRI"
WESTCHESTER,10566,Peekskill,"TUE, THU, FRI"
WESTCHESTER,10803,Pelham,"TUE, THU, FRI"
WESTCHESTER,10968,Piermont,"TUE, THU, FRI"
WESTCHESTER,10570,Pleasantville,"TUE, THU, FRI"
WESTCHESTER,10571,Pleasantville,"TUE, THU, FRI"
WESTCHESTER,10572,Pleasantville,"TUE, THU, FRI"
WESTCHESTER,10970,Pomona,"TUE, THU, FRI"
WESTCHESTER,10573,Port Chester,"TUE, THU, FRI"
WESTCHESTER,10576,Pound Ridge,"TUE, THU, FRI"
WESTCHESTER,10577,Purchase,"TUE, THU, FRI"
WESTCHESTER,10578,Purdys,"TUE, THU, FRI"
WESTCHESTER,10580,Rye,"TUE, THU, FRI"
WESTCHESTER,10581,Rye,"TUE, THU, FRI"
WESTCHESTER,10583,Scarsdale,"TUE, THU, FRI"
WESTCHESTER,10587,Shenorock,"TUE, THU, FRI"
WESTCHESTER,10588,Shrub Oak,"TUE, THU, FRI"
WESTCHESTER,10589,Somers,"TUE, THU, FRI"
WESTCHESTER,10590,South Salem,"TUE, THU, FRI"
WESTCHESTER,10976,Sparkill,"TUE, THU, FRI"
WESTCHESTER,10977,Spring Valley,"TUE, THU, FRI"
WESTCHESTER,10980,Stony Point,"TUE, THU, FRI"
WESTCHESTER,10901,Suffern,"TUE, THU, FRI"
WESTCHESTER,10982,Tallman,"TUE, THU, FRI"
WESTCHESTER,10983,Tappan,"TUE, THU, FRI"
WESTCHESTER,10591,Tarrytown,"TUE, THU, FRI"
WESTCHESTER,10592,Tarrytown,"TUE, THU, FRI"
WESTCHESTER,10984,Thiells,"TUE, THU, FRI"
WESTCHESTER,10594,Thornwood,"TUE, THU, FRI"
WESTCHESTER,10986,Tomkins Cove,"TUE, THU, FRI"
WESTCHESTER,10707,Tuckahoe,"TUE, THU, FRI"
WESTCHESTER,10595,Valhalla,"TUE, THU, FRI"
WESTCHESTER,10989,Valley Cottage,"TUE, THU, FRI"
WESTCHESTER,10596,Verplanck,"TUE, THU, FRI"
WESTCHESTER,10597,Waccabuc,"TUE, THU, FRI"
WESTCHESTER,10604,West Harrison,"TUE, THU, FRI"
WESTCHESTER,10993,West Haverstraw,"TUE, THU, FRI"
WESTCHESTER,10994,West Nyack,"TUE, THU, FRI"
WESTCHESTER,10995,West Nyack,"TUE, THU, FRI"
WESTCHESTER,10513,White Plains,"TUE, THU, FRI"
WESTCHESTER,10601,White Plains,"TUE, THU, FRI"
WESTCHESTER,10602,White Plains,"TUE, THU, FRI"
WESTCHESTER,10603,White Plains,"TUE, THU, FRI"
WESTCHESTER,10605,White Plains,"TUE, THU, FRI"
WESTCHESTER,10606,White Plains,"TUE, THU, FRI"
WESTCHESTER,10607,White Plains,"TUE, THU, FRI"
WESTCHESTER,10610,White Plains,"TUE, THU, FRI"
WESTCHESTER,10625,White Plains,"TUE, THU, FRI"
WESTCHESTER,10629,White Plains,"TUE, THU, FRI"
WESTCHESTER,10633,White Plains,"TUE, THU, FRI"
WESTCHESTER,10650,White Plains,"TUE, THU, FRI"
WESTCHESTER,10701,Yonkers,"TUE, THU, FRI"
WESTCHESTER,10702,Yonkers,"TUE, THU, FRI"
WESTCHESTER,10703,Yonkers,"TUE, THU, FRI"
WESTCHESTER,10704,Yonkers,"TUE, THU, FRI"
WESTCHESTER,10705,Yonkers,"TUE, THU, FRI"
WESTCHESTER,10710,Yonkers,"TUE, THU, FRI"
WESTCHESTER,10598,Yorktown Heights,"TUE, THU, FRI"
